Unnamed: 0,open_covid_region_code,sub_region_1,date,hospitalized_cumulative,hospitalized_new,symptom:Angular cheilitis,symptom:Aphonia,symptom:Burning Chest Pain,symptom:Crackles,symptom:Dysautonomia,symptom:Hemolysis,symptom:Laryngitis,symptom:Myoclonus,symptom:Polydipsia,symptom:Rectal pain,symptom:Shallow breathing,symptom:Urinary urgency,symptom:Ventricular fibrillation,symptom:Viral pneumonia
114,US-HI,Hawaii,2020-01-06,,,1.0535557506584725,1.8109452736318408,,1.0098526972978246,,,2.9745390693590874,,,,0.8561115988684032,,,1.3173348941566676
115,US-HI,Hawaii,2020-01-13,,,1.5307774851234026,1.6189640035118527,,1.244366403277729,,,2.709199102526583,,,,0.8701590088771828,,,1.6298897668520147
116,US-HI,Hawaii,2020-01-20,,,1.1994927324163496,1.9170812603648428,,1.2556823724514683,,,2.7021753975221934,,,,1.0090722856306702,,,1.849965856989562
117,US-HI,Hawaii,2020-01-27,,,1.4156667642181253,1.8246024778070433,,0.9622475856014049,,,2.410691639840016,,,,0.9290800897473418,,,2.0899424446395476
118,US-HI,Hawaii,2020-02-03,,,1.7422690469222515,2.341235001463272,,0.8100673105062922,,,3.1848600136572047,,,,1.0543361623256269,,,1.553409423470881
119,US-HI,Hawaii,2020-02-10,,,1.527655838454785,2.0216564237635355,,1.4937079309335677,,,3.358111403765487,,,,1.0332650473124574,,,1.8082138327968007
120,US-HI,Hawaii,2020-02-17,,,1.4933177250999905,2.3463076772997757,,1.122622183201639,,,3.5699931713979125,,,,0.7074431762754854,,,2.0993073846454005
121,US-HI,Hawaii,2020-02-24,,,1.439079114232758,1.8152375378011905,,1.3395766266705689,,,3.221149156179885,,,,0.9407862647546581,,,2.214027899717101
122,US-HI,Hawaii,2020-03-02,,,1.314603453321627,2.1434006438396254,,1.1600819432250513,,,3.5684323480636038,,,,1.1378402107111503,,,2.717783630865282
123,US-HI,Hawaii,2020-03-09,,,1.264657106623744,2.5078528924007415,,1.2322700224368355,,,3.0912106135986734,,,,1.934640522875817,,,3.90205833577212
124,US-HI,Hawaii,2020-03-16,,,1.119110330699444,1.9611745195590675,,1.47380743342113,,,3.2909960003902063,,,,3.268754267876305,,,3.4572236854940983
125,US-HI,Hawaii,2020-03-23,12.0,12.0,1.2338308457711444,1.41917861672032,,1.6704711735440447,,,2.260072188079212,,,,2.8824504926348653,,,2.751341332552922
126,US-HI,Hawaii,2020-03-30,21.0,9.0,1.5370207784606382,1.1101355965271682,,1.4090332650473125,,,1.5479465418008,,,,2.348648912301239,,,1.825382889474198
127,US-HI,Hawaii,2020-04-06,44.0,23.0,1.4148863525509707,0.9002048580626282,,1.0395083406496928,,,1.0504341039898548,,,,1.7364159594185935,,,1.1148180665300946
128,US-HI,Hawaii,2020-04-13,52.0,8.0,1.8538679153253341,0.9056677397327091,,0.8845966247195397,,,1.095307774851234,,,,1.6431567651936398,,,0.5478489903424056
129,US-HI,Hawaii,2020-04-20,68.0,16.0,1.2474880499463468,0.6766169154228856,,0.7718271388157254,,,0.6340844795629695,,,,1.3317725099990247,,,0.9723929372744124
130,US-HI,Hawaii,2020-04-27,73.0,5.0,1.481221344259097,0.8584528338698665,,0.8693785972100284,,,1.20222417325139,,,,1.1912984099112283,,,0.890839918056775
131,US-HI,Hawaii,2020-05-04,81.0,8.0,1.4839527850941374,,,0.7203199687835334,,,0.6766169154228856,,,,1.1023314798556239,,,0.611062335381914
132,US-HI,Hawaii,2020-05-11,82.0,1.0,1.4472734367378794,0.6629597112476832,,0.9501512047605113,,,0.9392254414203494,,,,1.2373426982733393,,,
133,US-HI,Hawaii,2020-05-18,84.0,2.0,1.0894546873475761,,,1.0332650473124574,,,0.9548336747634377,,,,0.876012096380841,,,
134,US-HI,Hawaii,2020-05-25,83.0,-1.0,1.8156277436347676,0.7979709296653985,,0.7979709296653985,,,0.693785972100283,,,,1.4109842942151984,,,
135,US-HI,Hawaii,2020-06-01,84.0,1.0,1.0921861281826164,0.5576041361818359,,0.8947419763925472,,,0.7554384938054824,,,,1.0110233147985563,,,
136,US-HI,Hawaii,2020-06-08,91.0,7.0,1.3633791825187787,0.5314603453321627,,1.0281923714759538,,,0.8549409813676715,,,,1.1436932982148085,,,0.6816895912593893
137,US-HI,Hawaii,2020-06-15,97.0,6.0,1.4679543459174715,0.6173056287191494,,1.0367768998146523,,,0.5357526095015122,,,,1.1534484440542387,,,0.7105648229441031
138,US-HI,Hawaii,2020-06-22,111.0,14.0,1.1971514974148865,0.7628524046434495,,0.6336942737293922,,,0.8920105355575066,,,,1.3614281533508927,,,
139,US-HI,Hawaii,2020-06-29,118.0,7.0,1.0484830748219687,0.7983611354989758,,0.5837479270315092,,,0.9649790264364453,,,,1.2271973466003319,,,
140,US-HI,Hawaii,2020-07-06,125.0,7.0,0.876012096380841,0.8408935713588919,,0.876012096380841,,,1.1214515657009072,,,,1.3899131792020292,,,0.7242220271193055
141,US-HI,Hawaii,2020-07-13,150.0,25.0,1.43595746756414,0.8869378597210029,,0.9688810847722173,,,0.9805872597795338,,,,1.4472734367378794,,,0.7004194712710955
142,US-HI,Hawaii,2020-07-20,163.0,13.0,1.1858355282411472,0.9669300556043314,,0.7136864696127208,,,0.7484147888010926,,,,1.6002341235001465,,,0.6446200370695543
143,US-HI,Hawaii,2020-07-27,199.0,36.0,1.1120866256950543,1.006731050629207,,1.1120866256950543,,,0.6438396254023998,,,,1.2876792508047996,,,0.550190225343869
144,US-HI,Hawaii,2020-08-03,239.0,40.0,1.5978928884986834,1.2529509316164278,,0.6208174812213443,,,1.3680616525217053,,,,1.3450395083406497,,,
145,US-HI,Hawaii,2020-08-10,283.0,44.0,1.1358891815432641,0.6360355087308556,,0.8518193346990538,,,0.9201053555750659,,,,1.1585211198907426,,,
146,US-HI,Hawaii,2020-08-17,396.0,113.0,1.4125451175495076,0.6789581504243488,,0.8869378597210029,,,0.7554384938054824,,,,1.4125451175495076,,,0.7776802263193835
147,US-HI,Hawaii,2020-08-24,505.0,109.0,1.1577407082235882,1.0633108964979028,,0.8736708613793778,,,0.6840308262608527,,,,0.7999219588332847,,,0.4421032094429812
148,US-HI,Hawaii,2020-08-31,597.0,92.0,1.303287484147888,0.9111306214027901,,1.1234025948687933,,,0.9216661789093749,,,,1.5577016876402305,,,0.5088284069846845
149,US-HI,Hawaii,2020-09-07,636.0,39.0,1.2431957857769975,0.6270607745585797,,1.2326602282704127,,,0.5525314603453322,,,,1.0945273631840797,,,0.7226612037849967
150,US-HI,Hawaii,2020-09-14,730.0,94.0,1.176080382401717,0.9111306214027901,,0.8795239488830359,,,0.8580626280362892,,,,1.2927519266413035,,,
151,US-HI,Hawaii,2020-09-21,816.0,86.0,1.3508925958443079,0.872500243878646,,1.0000975514583943,,,1.0956979806848113,,,,1.4148863525509707,,,0.5849185445322408
152,US-ID,Idaho,2020-01-06,,,,1.7317073170731707,,,,,,,,,,,,2.8974501108647455
153,US-ID,Idaho,2020-01-13,,,,1.9417960088691797,,,,,,,,,,,,2.4761640798226168
154,US-ID,Idaho,2020-01-20,,,,1.5798226164079823,,,,,,,,,,,,2.8320399113082044
155,US-ID,Idaho,2020-01-27,,,,1.7056541019955656,,,,,,,,,,,,2.644678492239468
156,US-ID,Idaho,2020-02-03,,,,1.751108647450111,,,,,,,,,,,,2.6901330376940136
157,US-ID,Idaho,2020-02-10,,,,1.8608647450110867,,,,,,,,,,,,2.682926829268293
158,US-ID,Idaho,2020-02-17,,,,1.7915742793791576,,,,,,,,,,,,3.069844789356985
159,US-ID,Idaho,2020-02-24,,,,1.7400221729490024,,,,,,,,,,,,3.2572062084257207
160,US-ID,Idaho,2020-03-02,,,,2.199556541019956,,,,,,,,,,,,3.4478935698447897
161,US-ID,Idaho,2020-03-09,,,,2.3508869179600884,,,,,,,,,,,,5.543237250554324
162,US-ID,Idaho,2020-03-16,,,,1.9617516629711753,,,,,,,,,,,,5.313747228381375
163,US-ID,Idaho,2020-03-23,39.0,39.0,,1.3697339246119735,,,,,,,,,,,,3.8043237250554323
164,US-ID,Idaho,2020-03-30,77.0,38.0,,1.0504434589800444,,,,,,,,,,,,2.822062084257206
165,US-ID,Idaho,2020-04-06,132.0,55.0,,0.9495565410199557,,,,,,,,,,,,1.9190687361419068
166,US-ID,Idaho,2020-04-13,151.0,19.0,,0.8891352549889135,,,,,,,,,,,,1.3686252771618626
167,US-ID,Idaho,2020-04-20,169.0,18.0,,0.9257206208425721,,,,,,,,,,,,1.129157427937916
168,US-ID,Idaho,2020-04-27,200.0,31.0,,0.7095343680709535,,,,,,,,,,,,0.7400221729490022
169,US-ID,Idaho,2020-05-04,207.0,7.0,,0.7888026607538803,,,,,,,,,,,,0.7045454545454546
170,US-ID,Idaho,2020-05-11,213.0,6.0,,0.6951219512195121,,,,,,,,,,,,0.7682926829268293
171,US-ID,Idaho,2020-05-18,225.0,12.0,,0.8680709534368072,,,,,,,,,,,,0.6967849223946786
172,US-ID,Idaho,2020-05-25,242.0,17.0,,0.8492239467849224,,,,,,,,,,,,0.7488913525498891
173,US-ID,Idaho,2020-06-01,260.0,18.0,,0.79490022172949,,,,,,,,,,,,0.4523281596452328
174,US-ID,Idaho,2020-06-08,266.0,6.0,,,,,,,,,,,,,,0.4728381374722838
175,US-ID,Idaho,2020-06-15,283.0,17.0,,0.7494456762749446,,,,,,,,,,,,0.5703991130820399
176,US-ID,Idaho,2020-06-22,312.0,29.0,,1.2721729490022173,,,,,,,,,,,,0.602549889135255
177,US-ID,Idaho,2020-06-29,369.0,57.0,,1.016629711751663,,,,,,,,,,,,0.8907982261640799
178,US-ID,Idaho,2020-07-06,477.0,108.0,,1.0138580931263859,,,,,,,,,,,,1.1130820399113082
179,US-ID,Idaho,2020-07-13,600.0,123.0,,0.7633037694013304,,,,,,,,,,,,0.9406873614190687
180,US-ID,Idaho,2020-07-20,741.0,141.0,,1.060421286031042,,,,,,,,,,,,0.8370288248337029
181,US-ID,Idaho,2020-07-27,874.0,133.0,,1.0482261640798227,,,,,,,,,,,,1.0260532150776054
182,US-ID,Idaho,2020-08-03,999.0,125.0,,1.2017738359201775,,,,,,,,,,,,0.9124168514412417
183,US-ID,Idaho,2020-08-10,1110.0,111.0,,0.7760532150776054,,,,,,,,,,,,0.5210643015521065
184,US-ID,Idaho,2020-08-17,1256.0,146.0,,0.8226164079822617,,,,,,,,,,,,0.6840354767184036
185,US-ID,Idaho,2020-08-24,1369.0,113.0,,0.8198447893569845,,,,,,,,,,,,0.7888026607538803
186,US-ID,Idaho,2020-08-31,1466.0,97.0,,1.0631929046563193,,,,,,,,,,,,0.8547671840354768
187,US-ID,Idaho,2020-09-07,1604.0,138.0,,1.0110864745011086,,,,,,,,,,,,0.7355875831485588
188,US-ID,Idaho,2020-09-14,1718.0,114.0,,0.7594235033259423,,,,,,,,,,,,0.8874722838137473
189,US-ID,Idaho,2020-09-21,1814.0,96.0,,0.8852549889135256,,,,,,,,,,,,1.0665188470066518
190,US-ME,Maine,2020-01-06,,,1.4195611103037349,1.316087777939253,0.9399796541200408,1.5509373637552681,1.503851184420869,1.0905391658189216,2.5194012498183405,1.2312163929661386,0.7708181950297921,0.9684638860630722,0.5452695829094608,1.165528266240372,1.2690015986048537,2.143293125999128
191,US-ME,Maine,2020-01-13,,,0.8958000290655428,1.5276849295160588,0.44295887225693936,1.2352855689580002,1.9898270600203456,1.0091556459816886,2.4705711379160005,1.1126289783461707,0.9428862083999417,1.1318122365935184,0.40517366661822407,1.1597151576805695,1.291672721988083,2.0276122656590614
192,US-ME,Maine,2020-01-20,,,1.291672721988083,1.3393402121784623,0.61735212905101,1.795087923266967,2.108995785496294,0.997529428862084,2.5647434965847986,1.225403284406336,1.0353146345007993,1.130649614881558,0.5225984595262316,1.23470425810202,1.614881557913094,2.3461706147362302
193,US-ME,Maine,2020-01-27,,,1.424792908007557,1.2015695393111467,0.7452405173666619,1.6485975875599477,1.992733614300247,1.946228745821828,2.0392384827786656,1.1079784914983286,1.4154919343118733,1.5643075134428135,0.6987356488882429,1.1265804388896963,1.3131812236593519,2.281645109722424
194,US-ME,Maine,2020-02-03,,,1.1480889405609649,1.1294869931695974,0.8027902921087051,1.782880395291382,1.3439906990263044,1.1387879668652812,2.557767766313036,1.5683766894346751,0.9149832873128906,1.6898706583345444,0.7283825025432349,1.0829821246911786,1.5776776631303588,2.128179043743642
195,US-ME,Maine,2020-02-10,,,1.1841302136317395,1.1841302136317395,0.7522162476384245,1.5602383374509519,1.6166254904810347,1.1370440342973405,2.5473041709053916,1.071355907571574,0.8835925010899578,0.9870658334544398,0.723732015695393,1.1277430606016565,1.5131521581165528,1.9549484086615319
196,US-ME,Maine,2020-02-17,,,1.2137770672867314,1.4521145182386281,0.7661677081819502,1.760790582764133,1.3922395000726637,1.402703095480308,2.6658915855253595,1.5021072518529284,1.1934311873274233,1.422467664583636,0.7260572591193141,1.2335416363900595,1.3625926464176719,1.9991280337160295
197,US-ME,Maine,2020-02-24,,,1.0893765441069612,1.6805696846388605,0.8678971079784914,1.7910187472751051,1.6160441796250544,1.4404883011190235,2.3450079930242698,1.1265804388896963,0.8678971079784914,1.4404883011190235,0.7940706292690016,1.3939834326406046,1.4678099113500944,2.2990844354018307
198,US-ME,Maine,2020-03-02,,,0.9597442232233687,1.4945502107251853,0.7568667344862665,1.817759046650196,2.067141403865717,1.1812236593518384,2.565324807440779,1.264351111757012,0.9690451969190526,1.3009736956837668,0.7196628397035315,1.1073971806423486,1.291672721988083,2.3438453713123093
199,US-ME,Maine,2020-03-09,,,0.7429152739427408,1.3957273652085453,0.9789274814707164,1.3864263915128616,1.4044470280482488,0.906263624473187,2.4194157825897395,0.8062781572445865,0.7882575207091993,1.0876326115390205,1.53117279465194,1.0236884173811944,1.1963377416073244,4.367969771835489
200,US-ME,Maine,2020-03-16,,,0.886499055369859,1.4805987501816595,1.3387589013224823,1.516058712396454,1.3742188635372765,1.125999128033716,2.145618369423049,0.9486993169597442,0.7004795814561837,0.735939543670978,2.003778520563871,0.6737392820810928,0.7981398052608633,3.5907571573899144
201,US-ME,Maine,2020-03-23,49.0,49.0,0.8155791309402702,1.06205493387589,1.0701932858596135,2.047376834762389,1.2149396889986919,2.625199825606743,1.5800029065542798,0.8155791309402702,0.7900014532771399,0.9940415637262027,1.7328876616770816,0.7307077459671559,1.0870513006830402,2.064234849585816
202,US-ME,Maine,2020-03-30,92.0,43.0,0.6929225403284406,0.7260572591193141,1.4108414474640314,1.3939834326406046,0.8992878942014242,1.212614445574771,1.088795233250981,1.0231071065252144,1.088795233250981,0.8248801046359541,1.7898561255631449,0.9405609649760209,0.8167417526522308,1.6253451533207384
203,US-ME,Maine,2020-04-06,124.0,32.0,0.799883737828804,0.76558639732597,1.0463595407644237,1.2503996512134865,0.7574480453422467,1.2503996512134865,1.1486702514169453,1.1486702514169453,1.029501525940997,1.0463595407644237,1.4631594245022526,0.7231507048394128,0.8760354599622148,1.1399505885772416
204,US-ME,Maine,2020-04-13,138.0,14.0,1.1498328731289058,0.8027902921087051,1.0091556459816886,0.9847405900305188,0.9847405900305188,1.2079639587269293,0.7115244877198081,1.3317831710507193,0.9847405900305188,0.8853364336578986,1.257375381485249,1.0178753088213923,0.9103328004650486,0.9347478564162185
205,US-ME,Maine,2020-04-20,161.0,23.0,1.0510100276122656,0.5807295451242552,0.9824153466065978,1.1794797267838977,1.059729690451969,1.153320738264787,0.9911350094463014,1.1620404011044905,0.8202296177881121,1.094027030954803,1.1794797267838977,0.9911350094463014,0.6324662113064962,0.6836215666327569
206,US-ME,Maine,2020-04-27,186.0,25.0,0.9678825752070919,0.47551228019183256,0.8429007411713414,0.9597442232233687,1.059729690451969,1.1434384537131232,0.7841883447173376,0.992878942014242,0.9597442232233687,0.9766022380467956,0.8260427263479145,0.8928934747856415,0.8928934747856415,0.6010754250835634
207,US-ME,Maine,2020-05-04,200.0,14.0,1.0399651213486412,0.805115535532626,0.846969917163203,1.3416654556023833,1.123673884609795,1.291672721988083,0.8806859468100566,0.9562563580874872,0.7295451242551955,1.1068158697863681,1.0399651213486412,1.0899578549629414,0.8301119023397762,0.5871239645400378
208,US-ME,Maine,2020-05-11,223.0,23.0,1.0335707019328586,0.7004795814561837,0.9568376689434676,0.7004795814561837,1.0591483795959888,0.8289492806278157,0.5127161749745677,0.7260572591193141,0.8289492806278157,1.1277430606016565,1.0079930242697281,0.8713849731143729,0.5208545269582909,0.4016858014823427
209,US-ME,Maine,2020-05-18,257.0,34.0,0.9196337741607324,0.397616625490481,0.7248946374073536,0.7336143002470571,1.1934311873274233,0.7870948989972387,0.5127161749745677,1.2021508501671267,0.8841738119459381,1.0434529864845226,0.8487138497311437,0.7336143002470571,0.8312745240517366,0.3627379741316669
210,US-ME,Maine,2020-05-25,284.0,27.0,0.8277866589158552,0.6626943758174684,0.5667780845807295,0.5667780845807295,1.2027321610231072,1.03705856706874,0.38366516494695535,0.906263624473187,0.6452550501380613,1.0719372184275542,0.8109286440924284,1.0196192413893328,0.8713849731143729,
211,US-ME,Maine,2020-06-01,301.0,17.0,0.8789420142421159,0.5772416799883737,0.723732015695393,0.5859613428280773,1.1806423484958581,0.7929080075570412,0.7411713413748001,0.9568376689434676,0.6638569975294288,1.0254323499491353,0.7498910042145037,0.9138206656009301,0.8103473332364481,0.3708763261153902
212,US-ME,Maine,2020-06-08,317.0,16.0,0.7876762098532191,0.5516640023252434,0.6656009300973695,0.8928934747856415,1.5143147798285133,0.7615172213341084,0.6301409678825752,1.2428426100857433,0.5691033280046505,1.0329893910768784,0.7440778956547014,0.9103328004650486,1.5933730562418253,
213,US-ME,Maine,2020-06-15,336.0,19.0,0.8312745240517366,0.5452695829094608,0.5365499200697573,0.7684929516058713,1.4835053044615607,0.8132538875163493,0.849295160587124,1.0190379305333528,0.6167708181950298,1.2690015986048537,0.7684929516058713,1.03705856706874,1.5462868769074263,0.3755268129632321
214,US-ME,Maine,2020-06-22,347.0,11.0,0.3825025432349949,0.4255195465775323,0.8254614154919342,0.9120767330329893,0.6690887952332509,0.486557186455457,0.7469844499346024,1.3811945938090395,0.8690597296904519,1.155645981688708,0.9033570701932858,1.120767330329894,1.40735358232815,
215,US-ME,Maine,2020-06-29,359.0,12.0,0.9998546722860049,0.743496584798721,1.076587705275396,0.6411858741461997,1.55558785060311,0.7865135881412585,0.5813108559802355,1.0428716756285423,0.7865135881412585,1.0510100276122656,0.8033716029646853,1.1539020491207674,1.0684493532916726,0.41040546432204617
216,US-ME,Maine,2020-07-06,372.0,13.0,1.153320738264787,0.5935183839558204,0.8777793925301555,0.827205348059875,1.303880249963668,0.7940706292690016,1.044615608196483,0.9614881557913093,0.9027757593373056,1.0533352710361865,0.9696265077750327,1.0277575933730563,1.044615608196483,0.40110449062636244
217,US-ME,Maine,2020-07-13,375.0,3.0,0.9330039238482779,0.7818631012934166,0.916145909024851,0.6307222787385554,1.5805842174102602,0.874291527394274,0.706292690015986,1.101584072082546,0.8155791309402702,1.1178607760499928,0.874291527394274,1.1178607760499928,1.0678680424356926,0.4121493968899869
218,US-ME,Maine,2020-07-20,383.0,8.0,1.1963377416073244,0.7917453858450806,0.7748873710216538,0.7074553117279465,1.80264496439471,0.9097514896090685,0.9016131376253451,1.162621711960471,0.8254614154919342,1.2806278157244586,0.9603255340793488,1.002761226565906,1.0277575933730563,0.3452986484522599
219,US-ME,Maine,2020-07-27,389.0,6.0,1.3538729835779681,0.9388170324080801,0.9138206656009301,0.7225693939834326,1.8270600203458798,0.7307077459671559,0.8056968463886063,1.3701496875454149,0.8969626507775033,0.7225693939834326,0.9051010027612265,0.8888242987937799,0.9219590175846534,0.4819066996076151
220,US-ME,Maine,2020-08-03,393.0,4.0,0.5731725039965121,0.6725766603691324,0.755704112774306,0.5400377852056386,1.7770672867315798,0.7638424647580294,0.8138351983723295,1.2288911495422177,0.7225693939834326,1.162621711960471,0.8719662839703531,1.0463595407644237,1.0213631739572737,
221,US-ME,Maine,2020-08-10,399.0,6.0,1.1097224240662693,0.43888969626507773,0.8365063217555588,0.9690451969190526,1.8386862374654847,0.9359104781281791,0.7865135881412585,1.2009882284551663,0.612701642203168,1.2835343700043598,0.9027757593373056,0.8696410405464322,0.6458363609940415,0.4801627670396744
222,US-ME,Maine,2020-08-17,409.0,10.0,1.1539020491207674,0.7638424647580294,0.6969917163203023,0.7469844499346024,1.4526958290946081,0.7638424647580294,0.9876471443104199,1.1451823862810637,0.6225839267548322,1.1289056823136172,0.896381339921523,0.9626507775032698,0.7551228019183258,0.4150559511698881
223,US-ME,Maine,2020-08-24,420.0,11.0,1.288766167708182,0.538293852637698,0.8812672576660369,0.8487138497311437,1.5747711088504577,0.8975439616334835,0.9219590175846534,0.9300973695683766,0.7830257230053771,1.1748292399360558,0.856852201714867,1.0277575933730563,0.8318558349077169,
224,US-ME,Maine,2020-08-31,427.0,7.0,1.162621711960471,0.5109722424066269,0.750472315070484,0.849295160587124,1.3771254178171777,0.8242987937799738,0.750472315070484,1.0056677808458072,0.9149832873128906,0.8905682313617207,0.7423339630867606,1.096352274378724,1.145763697137044,0.49469553843918035
225,US-ME,Maine,2020-09-07,431.0,4.0,1.2166836215666328,0.46214213050428715,0.9242842610085743,1.1190233977619533,1.6462723441360267,1.2166836215666328,0.7539601802063653,1.054497892748147,0.973114372910914,1.1759918616480163,0.7464031390786222,1.0707745967155937,1.2730707745967154,
226,US-ME,Maine,2020-09-14,440.0,9.0,1.4521145182386281,0.5324807440778957,0.846969917163203,1.153320738264787,1.0806568812672577,1.943903502397907,1.1451823862810637,0.9516058712396455,1.0486847841883447,1.2585380031972095,0.9597442232233687,1.266676355180933,1.088795233250981,0.35518093300392384
227,US-ME,Maine,2020-09-21,446.0,6.0,1.1783171050719372,0.6778084580729545,0.9766022380467956,0.9684638860630722,1.7834617061473623,1.622438599040837,0.7022235140241244,1.3155064670832726,1.1463450079930242,1.1137916000581312,0.7993024269728237,1.1620404011044905,1.0091556459816886,0.4598168870803662
228,US-MT,Montana,2020-01-06,,,1.2856724289481394,1.2563726926457661,0.7828889539994139,1.35950776443012,1.4638148256665688,1.0501025490770584,2.4541459126867857,1.1087020216818049,1.0348666861998241,1.0794022853794316,,1.35950776443012,0.9903310870202167,1.8622912393788456
229,US-MT,Montana,2020-01-13,,,1.18605332552007,1.3618517433343098,0.951655435101084,1.18605332552007,1.6689129797831819,1.0981541166129503,2.54790506885438,1.3173161441547026,1.1274538529153235,1.18605332552007,,0.8789920890711983,1.3325520070319365,1.493114561968942
230,US-MT,Montana,2020-01-20,,,0.8731321418107236,1.2282449457954878,0.6516261353647816,1.5388221506006445,1.6431292118370933,1.4063873425139173,2.619396425432171,1.598593612657486,0.799296806328743,1.2282449457954878,0.9024318781130969,1.3618517433343098,1.257544682097861,2.634632288309405
231,US-MT,Montana,2020-01-27,,,0.7887489012598886,1.7954878406094343,0.7887489012598886,1.9126867858189276,1.225900966891298,1.650161148549663,2.292411368297685,1.2552007031936712,0.9047758570172868,0.612950483445649,0.6422502197480223,1.0805742748315266,1.1239378845590389,1.7228244945795486
232,US-MT,Montana,2020-02-03,,,1.5259302666276002,1.3372399648403164,0.6246703779665983,1.6712569586873716,1.5845297392323467,1.7298564312921183,2.8338704951655433,1.2059771462056839,0.799296806328743,1.5118663932024612,0.610606504541459,1.003222970993261,1.598593612657486,1.904482859654263
233,US-MT,Montana,2020-02-10,,,0.7629651333138001,1.3641957222384997,0.747729270436566,1.731028420744213,1.5845297392323467,1.6864928215646058,2.1998242015821856,1.159097568121887,0.7184295341341927,0.8215646059185466,0.9387635511280398,1.159097568121887,1.3489598593612657,2.566656900087899
234,US-MT,Montana,2020-02-17,,,1.0606504541459127,1.753296220334017,0.6926457661881043,1.5763258130676823,2.7834749487254613,1.4731907412833283,2.6955757398183415,0.9282156460591854,1.0758863170231467,1.0161148549663053,0.9575153823615586,0.7805449750952241,1.7966598300615293,2.3861705244652796
235,US-MT,Montana,2020-02-24,,,1.1954292411368297,1.3700556694989743,0.8602402578376794,1.7497802519777321,1.647817169645473,1.2680925871667155,2.4049223556987984,1.0794022853794316,0.9622033401699385,1.3700556694989743,0.713741576325813,1.2540287137415762,1.136829768532083,2.6100205098154112
236,US-MT,Montana,2020-03-02,,,0.9727512452387929,1.3513038382654554,,1.8154116612950482,1.5833577497802518,1.3220041019630822,2.687371813653677,1.5399941400527395,1.0454145912686785,1.0020509815411662,0.9879871081160269,0.697333723996484,0.9153237620861411,3.282742455317902
237,US-MT,Montana,2020-03-09,,,1.0172868444184002,1.6396132434808086,0.9750952241429827,1.5118663932024612,1.413419279226487,1.2012891883973043,2.416642250219748,,0.9469674772927043,1.159097568121887,1.3852915323762085,0.8344564898915909,1.003222970993261,3.7738060357456784
238,US-MT,Montana,2020-03-16,,,0.7899208907119836,1.5505420451215939,1.3020802812774683,1.5950776443012011,0.9950190448285965,1.1848813360679753,2.399062408438324,,0.731321418107237,,2.2092001171989453,1.155581599765602,,4.140638734251391
239,US-MT,Montana,2020-03-23,10.0,10.0,,1.020802812774685,1.4286551421037208,1.9724582478757688,1.0336946967477292,3.1163199531204215,1.496630530325227,0.9926750659244067,0.5988866100205098,0.7758570172868444,1.836507471432757,0.747729270436566,0.8028127746850278,2.5983006152944625
240,US-MT,Montana,2020-03-30,24.0,14.0,0.8075007324934075,0.6879578083797245,1.3501318488133605,1.4298271315558158,0.952827424553179,1.2833284500439495,1.1380017579841781,1.0723703486668619,1.0055669498974509,0.8602402578376794,1.4157632581306767,,0.952827424553179,2.223263990624084
241,US-MT,Montana,2020-04-06,47.0,23.0,0.8450043949604453,0.6820978611192499,1.089950190448286,1.1309698212716086,0.9950190448285965,1.159097568121887,1.3501318488133605,1.1450336946967477,0.8450043949604453,0.8590682683855845,0.9129797831819513,0.9270436566070905,0.7910928801640784,1.4989745092294167
242,US-MT,Montana,2020-04-13,57.0,10.0,0.5953706416642249,0.6610020509815411,0.7664811016700849,0.9915030764723117,1.2821564605918545,1.547026076765309,1.0442426018165836,0.9786111924992674,1.2165250512745385,1.2423088192206269,0.7934368590682683,0.7008496923527688,0.9258716671549956,1.1637855259302665
243,US-MT,Montana,2020-04-20,61.0,4.0,1.0266627600351597,,1.040726633460299,0.8895399941400527,0.9997070026369761,1.1637855259302665,0.9715792557866978,,0.8895399941400527,1.040726633460299,0.9446234983885144,1.1087020216818049,1.136829768532083,0.9715792557866978
244,US-MT,Montana,2020-04-27,62.0,1.0,1.0020509815411662,0.5988866100205098,1.2118370934661586,1.0020509815411662,0.8637562261939642,1.0161148549663053,0.7664811016700849,0.9750952241429827,0.8215646059185466,1.225900966891298,0.7934368590682683,1.0583064752417226,0.6961617345443891,0.5988866100205098
245,US-MT,Montana,2020-05-04,62.0,0.0,,0.6891297978318195,0.9973630237327863,0.8989159097568121,1.5177263404629355,1.0254907705830647,0.884852036331673,0.6047465572809845,0.7031936712569586,1.0395546440082037,0.8285965426311163,0.7864049223556987,1.067682390858482,0.5906826838558452
246,US-MT,Montana,2020-05-11,64.0,2.0,0.6727219455024904,,0.8121886903017872,0.8965719308526223,0.9950190448285965,0.8403164371520656,0.6305303252270729,0.8825080574274831,0.6164664518019337,1.1766774099033106,,0.7149135657779079,1.4567828889539993,0.7149135657779079
247,US-MT,Montana,2020-05-18,65.0,1.0,0.8754761207149134,,0.6035745678288895,0.8614122472897743,1.2786404922355699,0.8907119835921475,0.6610020509815411,1.01963082332259,0.6750659244066802,1.2634046293583356,0.7324934075593319,0.7617931438617052,0.7899208907119836,
248,US-MT,Montana,2020-05-25,67.0,2.0,1.10518605332552,,0.7617931438617052,0.8063287430413125,1.493114561968942,1.0301787283914443,0.6270143568707881,1.0149428655142103,0.731321418107237,1.0454145912686785,0.8953999414005273,0.7617931438617052,1.1790213888075007,
249,US-MT,Montana,2020-06-01,69.0,2.0,0.6703779665983005,,0.918839730442426,0.8309405215353061,1.136829768532083,1.0641664225021974,0.9036038675651918,0.9036038675651918,0.7875769118077937,0.9481394667447992,,0.8450043949604453,0.9481394667447992,
250,US-MT,Montana,2020-06-08,78.0,9.0,0.8754761207149134,0.9774392030471725,0.8168766481101669,,1.2540287137415762,1.4579548784060943,0.6703779665983005,0.9036038675651918,,1.0501025490770584,,1.1813653677116904,1.0934661588045707,
251,US-MT,Montana,2020-06-15,90.0,12.0,0.8930559624963375,,0.7606211544096103,0.7606211544096103,1.0829182537357163,,0.7020216818048637,0.9657193085262232,0.6000585994726048,1.1708174626428363,,0.950483445648989,1.2001171989452095,0.6000585994726048
252,US-MT,Montana,2020-06-22,100.0,10.0,0.9950190448285965,,1.1989452094931146,0.6879578083797245,1.3161441547026076,0.8625842367418693,0.6141224728977439,1.0243187811309697,1.1262818634632288,,0.8778200996191033,0.8778200996191033,1.0969821271608553,
253,US-MT,Montana,2020-06-29,112.0,12.0,0.7875769118077937,0.6985057134485789,0.7278054497509522,0.7875769118077937,1.173161441547026,0.9059478464693818,0.8907119835921475,1.068854380310577,0.9211837093466159,1.0243187811309697,0.6985057134485789,1.8118956929387635,1.0840902431878112,0.6539701142689716
254,US-MT,Montana,2020-07-06,133.0,21.0,1.2622326399062407,0.6375622619396425,0.9211837093466159,0.8368004687957807,1.4181072370348666,0.8508643422209199,0.8930559624963375,0.8930559624963375,0.6234983885145033,0.93641957222385,0.6668619982420159,1.3466158804570758,1.1766774099033106,0.6094345150893642
255,US-MT,Montana,2020-07-13,167.0,34.0,0.8203926164664518,,1.004394960445356,0.8203926164664518,0.9903310870202167,0.6363902724875475,1.1321418107237033,0.664518019337826,0.67975388221506,1.104014063873425,1.1602695575739819,1.344271901552886,0.9481394667447992,0.7219455024904775
256,US-MT,Montana,2020-07-20,201.0,34.0,1.0243187811309697,0.7113975974216232,0.7676530911221798,0.6820978611192499,1.2938763551128039,0.9668912979783181,,0.7535892176970407,1.1801933782595957,0.9246996777029005,0.9246996777029005,0.952827424553179,1.0383826545561088,
257,US-MT,Montana,2020-07-27,236.0,35.0,0.8789920890711983,0.9071198359214767,0.7512452387928509,0.6668619982420159,1.4181072370348666,0.7805449750952241,0.8227365953706416,0.8789920890711983,0.8508643422209199,1.3044242601816585,0.8086727219455024,0.8930559624963375,0.8227365953706416,
258,US-MT,Montana,2020-08-03,273.0,37.0,0.918839730442426,,0.8625842367418693,0.5801347787869909,1.1872253149721652,0.6223263990624084,0.8344564898915909,1.2294169352475828,0.8063287430413125,0.9750952241429827,0.748901259888661,0.8766481101670085,0.7770290067389393,
259,US-MT,Montana,2020-08-10,330.0,57.0,0.9036038675651918,,1.2856724289481394,0.6492821564605918,1.7521242308819218,0.7910928801640784,0.833284500439496,1.1438617052446527,0.6926457661881043,1.2716085555230001,0.8192206270143568,1.1438617052446527,0.9036038675651918,
260,US-MT,Montana,2020-08-17,383.0,53.0,1.1004980955171404,0.6738939349545854,0.5906826838558452,,1.3888075007324934,0.5637269264576618,0.7008496923527688,0.9903310870202167,0.8801640785232931,0.9622033401699385,0.7149135657779079,1.0454145912686785,0.6738939349545854,
261,US-MT,Montana,2020-08-24,436.0,53.0,0.6750659244066802,0.6481101670084969,1.0266627600351597,0.8239085848227365,1.3372399648403164,0.716085555230003,0.7289774392030471,0.8239085848227365,0.7828889539994139,1.174333430999121,0.5672428948139466,1.2692645766188104,1.2833284500439495,
262,US-MT,Montana,2020-08-31,498.0,62.0,0.9235276882508057,1.0172868444184002,1.2176970407266334,0.5883387049516553,1.2716085555230001,1.324348080867272,0.561382947553472,1.257544682097861,0.950483445648989,0.950483445648989,0.561382947553472,1.7122765895106942,1.1380017579841781,0.7360093759156168
263,US-MT,Montana,2020-09-07,531.0,33.0,0.9786111924992674,0.7934368590682683,0.7266334602988572,1.4016993847055377,1.427483152651626,1.3477878699091708,0.8590682683855845,,0.7934368590682683,1.0172868444184002,0.5813067682390858,0.9118077937298564,1.0442426018165836,0.5684148842660415
264,US-MT,Montana,2020-09-14,576.0,45.0,0.900087899208907,0.9258716671549956,0.8098447113975974,1.0161148549663053,1.1450336946967477,1.375915616759449,0.8227365953706416,1.157925578669792,0.7969528274245531,0.8743041312628186,0.5145033694696747,1.3372399648403164,1.1966012305889246,
265,US-MT,Montana,2020-09-21,698.0,122.0,1.1016700849692351,0.9446234983885144,0.9961910342806914,1.2716085555230001,1.3372399648403164,1.4556108995019044,0.5766188104307061,1.036038675651919,0.9305596249633753,1.4157632581306767,0.6820978611192499,1.2188690301787284,1.4427190155288603,
266,US-ND,North Dakota,2020-01-06,,,0.9457556935817806,0.9937888198757765,0.7817805383022775,,1.1577639751552795,,2.2989648033126295,0.9126293995859214,0.717184265010352,1.565217391304348,,0.9937888198757765,,1.9892339544513458
267,US-ND,North Dakota,2020-01-13,,,,0.7188405797101449,0.7652173913043478,0.9225672877846792,1.2190476190476192,1.0467908902691512,1.687784679089027,,0.8132505175983438,1.1412008281573498,,1.267080745341615,1.6579710144927537,1.7043478260869565
268,US-ND,North Dakota,2020-01-20,,,0.7884057971014493,1.3846790890269152,0.7403726708074534,1.7722567287784678,0.8695652173913044,0.9987577639751554,2.077018633540373,0.7089026915113873,1.0302277432712215,0.8530020703933748,0.9175983436853002,0.8861283643892339,1.2554865424430643,1.9975155279503107
269,US-ND,North Dakota,2020-01-27,,,1.1660455486542445,1.262111801242236,0.7403726708074534,1.2140786749482402,0.9142857142857143,1.1196687370600413,1.9395445134575573,1.0401656314699794,1.182608695652174,0.7254658385093168,1.0401656314699794,1.1660455486542445,1.4973084886128365,2.1763975155279507
270,US-ND,North Dakota,2020-02-03,,,0.9043478260869565,1.396273291925466,0.8728778467908902,1.8716356107660457,0.8563146997929607,1.1412008281573498,2.236024844720497,1.2372670807453416,1.0467908902691512,0.967287784679089,,1.1577639751552795,1.1097308488612838,1.8070393374741203
271,US-ND,North Dakota,2020-02-10,,,0.8182194616977226,1.058385093167702,,1.2024844720496894,1.651345755693582,1.4923395445134575,1.7639751552795033,1.010351966873706,0.9623188405797102,0.882815734989648,,1.684472049689441,1.4111801242236024,2.0853002070393374
272,US-ND,North Dakota,2020-02-17,,,0.7271221532091097,1.7440993788819876,1.0650103519668737,2.1482401656314702,,1.8898550724637682,2.567287784679089,1.3233954451345757,1.1942028985507247,1.1146997929606626,,1.1146997929606626,1.2753623188405798,1.8898550724637682
273,US-ND,North Dakota,2020-02-24,,,0.75527950310559,1.2124223602484474,0.9755693581780538,1.479089026915114,1.0385093167701864,1.653002070393375,1.9991718426501037,1.0070393374741202,0.677432712215321,1.1958592132505177,1.0865424430641821,1.055072463768116,1.0699792960662526,2.0455486542443064
274,US-ND,North Dakota,2020-03-02,0.0,0.0,1.1693581780538302,1.2157349896480332,,1.5320910973084887,1.816977225672878,1.816977225672878,2.2426501035196686,,,1.058385093167702,,0.8364389233954451,1.2472049689440996,2.227743271221532
275,US-ND,North Dakota,2020-03-09,0.0,0.0,,1.2521739130434784,0.6890269151138717,1.3134575569358178,0.9855072463768116,1.0633540372670809,2.3933747412008284,1.1262939958592133,1.1577639751552795,1.0633540372670809,0.6260869565217392,1.2041407867494824,0.9540372670807453,3.175155279503106
276,US-ND,North Dakota,2020-03-16,4.0,4.0,0.7254658385093168,0.7254658385093168,1.224016563146998,1.5304347826086957,1.015320910973085,1.5801242236024844,2.1267080745341618,,0.7734989648033127,1.2405797101449276,1.8053830227743273,1.015320910973085,1.09648033126294,3.077432712215321
277,US-ND,North Dakota,2020-03-23,19.0,15.0,0.7950310559006212,0.9788819875776398,0.8712215320910973,1.8501035196687372,0.9937888198757765,3.042650103519669,1.7424430641821946,0.8099378881987578,0.8099378881987578,1.1163561076604556,1.8650103519668737,0.9474120082815735,0.7486542443064182,2.279089026915114
278,US-ND,North Dakota,2020-03-30,32.0,13.0,,0.6128364389233956,1.268737060041408,1.6331262939958593,0.6559006211180125,1.85175983436853,1.2389233954451346,0.6409937888198758,1.0351966873706004,0.7287784679089028,1.5900621118012424,0.8894409937888199,0.9772256728778469,1.8368530020703935
279,US-ND,North Dakota,2020-04-06,40.0,8.0,0.6592132505175984,,1.0650103519668737,1.228985507246377,,1.5900621118012424,,0.7801242236024845,0.6906832298136646,0.6144927536231884,1.0351966873706004,1.0650103519668737,1.2753623188405798,1.0351966873706004
280,US-ND,North Dakota,2020-04-13,53.0,13.0,0.6476190476190476,,1.016977225672878,1.0451345755693582,0.9871635610766046,1.6795031055900622,,0.8397515527950311,0.7950310559006212,0.7652173913043478,1.0451345755693582,0.927536231884058,0.7221532091097309,1.3250517598343685
281,US-ND,North Dakota,2020-04-20,77.0,24.0,,0.6525879917184265,0.758592132505176,1.394616977225673,,1.25879917184265,,0.8944099378881989,0.7436853002070394,0.8645962732919255,1.1975155279503107,0.9855072463768116,1.0467908902691512,0.9093167701863355
282,US-ND,North Dakota,2020-04-27,94.0,17.0,0.7453416149068324,,0.930848861283644,0.7768115942028987,0.9623188405797102,1.179296066252588,,1.4906832298136647,1.0865424430641821,1.1494824016563148,,1.1958592132505177,0.930848861283644,0.9159420289855074
283,US-ND,North Dakota,2020-05-04,115.0,21.0,,,0.7486542443064182,0.7337474120082815,,1.5884057971014494,,0.8397515527950311,0.8099378881987578,0.9010351966873708,0.9623188405797102,0.717184265010352,0.7486542443064182,
284,US-ND,North Dakota,2020-05-11,133.0,18.0,,,1.1213250517598343,0.884472049689441,0.7105590062111802,1.0898550724637681,1.058385093167702,0.6790890269151139,1.1213250517598343,1.1064182194616978,0.9639751552795032,0.9639751552795032,0.8215320910973085,0.8530020703933748
285,US-ND,North Dakota,2020-05-18,154.0,21.0,0.8099378881987578,,0.7768115942028987,0.7420289855072465,0.9623188405797102,0.7089026915113873,0.8099378881987578,0.8778467908902692,,1.012008281573499,0.8612836438923396,,,
286,US-ND,North Dakota,2020-05-25,169.0,15.0,0.6956521739130436,,1.0269151138716357,1.09648033126294,0.7652173913043478,,,,,1.0269151138716357,,0.7834368530020706,0.6956521739130436,
287,US-ND,North Dakota,2020-06-01,184.0,15.0,0.9209109730848861,,0.801656314699793,0.9374741200828158,,,,0.717184265010352,0.8695652173913044,1.0749482401656316,0.8364389233954451,,1.262111801242236,
288,US-ND,North Dakota,2020-06-08,197.0,13.0,0.84472049689441,,0.675776397515528,0.9971014492753623,0.9623188405797102,0.7089026915113873,0.8778467908902692,0.8612836438923396,,0.7933747412008282,1.2836438923395446,0.8281573498964804,1.267080745341615,
289,US-ND,North Dakota,2020-06-15,218.0,21.0,0.8629399585921326,,0.758592132505176,1.1561076604554867,0.8629399585921326,,0.7420289855072465,1.1213250517598343,0.8629399585921326,0.7768115942028987,0.930848861283644,0.7254658385093168,0.7072463768115942,
290,US-ND,North Dakota,2020-06-22,227.0,9.0,0.7817805383022775,,1.2322981366459629,,,0.9540372670807453,0.7122153209109731,0.8513457556935817,0.7817805383022775,0.763561076604555,,1.1627329192546585,1.1975155279503107,
291,US-ND,North Dakota,2020-06-29,245.0,18.0,,,,,,,,0.7519668737060042,,,,1.0070393374741202,1.0252587991718427,
292,US-ND,North Dakota,2020-07-06,277.0,32.0,0.6906832298136646,,,,0.8132505175983438,,0.7784679089026916,1.1412008281573498,0.7436853002070394,1.0368530020703934,1.262111801242236,1.1577639751552795,0.7950310559006212,
293,US-ND,North Dakota,2020-07-13,305.0,28.0,0.8894409937888199,0.6840579710144927,0.7685300207039337,,0.6840579710144927,0.9921325051759835,0.9407867494824017,0.8033126293995859,0.7867494824016563,0.8894409937888199,0.7867494824016563,0.9407867494824017,0.8894409937888199,
294,US-ND,North Dakota,2020-07-20,337.0,32.0,,,0.9971014492753623,0.843064182194617,0.9639751552795032,0.9639751552795032,0.843064182194617,0.8248447204968945,0.9971014492753623,0.9457556935817806,,0.9109730848861284,1.0318840579710147,
295,US-ND,North Dakota,2020-07-27,379.0,42.0,0.9573498964803313,,,0.7652173913043478,1.3747412008281577,,0.8695652173913044,0.8695652173913044,0.887784679089027,0.9043478260869565,0.8,1.3929606625258801,0.8,
296,US-ND,North Dakota,2020-08-03,417.0,38.0,0.925879917184265,,0.8910973084886129,1.1478260869565218,0.9772256728778469,0.7022774327122154,,,,1.0451345755693582,0.7718426501035197,0.7718426501035197,0.925879917184265,
297,US-ND,North Dakota,2020-08-10,461.0,44.0,,,0.887784679089027,1.0070393374741202,1.4161490683229816,0.8530020703933748,0.9043478260869565,0.8182194616977226,,1.056728778467909,0.8530020703933748,1.1080745341614908,0.9043478260869565,
298,US-ND,North Dakota,2020-08-17,505.0,44.0,0.7503105590062112,,0.9159420289855074,0.6674948240165632,0.9325051759834369,,0.8662525879917186,0.6840579710144927,0.717184265010352,0.9507246376811596,0.8331262939958594,0.8496894409937888,0.7503105590062112,
299,US-ND,North Dakota,2020-08-24,554.0,49.0,,,,0.8165631469979296,1.2554865424430643,0.7536231884057971,0.7850931677018634,1.0053830227743272,0.8629399585921326,0.9888198757763975,0.8629399585921326,1.1776397515527952,0.7387163561076605,
300,US-ND,North Dakota,2020-08-31,602.0,48.0,0.8927536231884058,,,1.2057971014492754,0.8612836438923396,1.4575569358178055,,1.0335403726708075,1.0501035196687372,0.9093167701863355,0.6890269151138717,1.1279503105590063,1.018633540372671,
301,US-ND,North Dakota,2020-09-07,646.0,44.0,0.8579710144927536,,1.1643892339544515,1.1494824016563148,1.2720496894409938,1.730848861283644,1.3018633540372673,0.7204968944099379,0.9043478260869565,1.777225672877847,0.7354037267080746,0.9341614906832298,0.9954451345755694,0.7204968944099379
302,US-ND,North Dakota,2020-09-14,730.0,84.0,,,0.7486542443064182,1.4807453416149068,1.3167701863354038,1.4807453416149068,0.672463768115942,1.0766045548654244,0.9424430641821947,0.9126293995859214,0.7486542443064182,1.1511387163561078,1.765631469979296,0.9573498964803313
303,US-ND,North Dakota,2020-09-21,828.0,98.0,0.927536231884058,0.6741200828157351,1.2571428571428571,1.093167701863354,0.9871635610766046,1.4525879917184266,0.8082815734989648,,,1.0633540372670809,1.0633540372670809,1.1677018633540373,1.3167701863354038,1.0020703933747412
304,US-NE,Nebraska,2020-01-06,,,,1.6772348626134526,,,,,,,,,,,,
305,US-NE,Nebraska,2020-01-13,,,,1.7737162750217579,,,,,,,,,,,,
306,US-NE,Nebraska,2020-01-20,,,,1.516100957354221,,,,,,,,,,,,
307,US-NE,Nebraska,2020-01-27,,,,1.9863235111276885,,,,,,,,,,,,
308,US-NE,Nebraska,2020-02-03,,,,2.4207385303991042,,,,,,,,,,,,
309,US-NE,Nebraska,2020-02-10,,,,1.8856148203406686,,,,,,,,,,,,
310,US-NE,Nebraska,2020-02-17,,,,1.9410667661320402,,,,,,,,,,,,
311,US-NE,Nebraska,2020-02-24,,,,1.755066517468606,,,,,,,,,,,,
312,US-NE,Nebraska,2020-03-02,,,,2.199428074101703,,,,,,,,,,,,
313,US-NE,Nebraska,2020-03-09,,,,2.159641924654979,,,,,,,,,,,,
314,US-NE,Nebraska,2020-03-16,,,,1.6981225910729827,,,,,,,,,,,,
315,US-NE,Nebraska,2020-03-23,,,,1.0036056197936092,,,,,,,,,,,,
316,US-NE,Nebraska,2020-03-30,,,,1.1794106676613203,,,,,,,,,,,,
317,US-NE,Nebraska,2020-04-06,,,,0.7444983215218202,,,,,,,,,,,,
318,US-NE,Nebraska,2020-04-13,,,,0.7251025736665423,,,,,,,,,,,,
319,US-NE,Nebraska,2020-04-20,,,,0.836006465249285,,,,,,,,,,,,
320,US-NE,Nebraska,2020-04-27,,,,0.8312818600024866,,,,,,,,,,,,
321,US-NE,Nebraska,2020-05-04,,,,0.907621534253388,,,,,,,,,,,,
322,US-NE,Nebraska,2020-05-11,,,,0.6037548178540345,,,,,,,,,,,,
323,US-NE,Nebraska,2020-05-18,,,,0.8113887852791247,,,,,,,,,,,,
324,US-NE,Nebraska,2020-05-25,,,,0.682083799577272,,,,,,,,,,,,
325,US-NE,Nebraska,2020-06-01,935.0,935.0,,1.0068382444361557,,,,,,,,,,,,
326,US-NE,Nebraska,2020-06-08,1075.0,140.0,,0.8710680094492105,,,,,,,,,,,,
327,US-NE,Nebraska,2020-06-15,1212.0,137.0,,0.8295412159641924,,,,,,,,,,,,
328,US-NE,Nebraska,2020-06-22,1316.0,104.0,,0.88822578639811,,,,,,,,,,,,
329,US-NE,Nebraska,2020-06-29,1369.0,53.0,,0.9436777321894815,,,,,,,,,,,,
330,US-NE,Nebraska,2020-07-06,1421.0,52.0,,0.9481536740022379,,,,,,,,,,,,
331,US-NE,Nebraska,2020-07-13,1482.0,61.0,,1.073231381325376,,,,,,,,,,,,
332,US-NE,Nebraska,2020-07-20,1570.0,88.0,,0.9765013054830287,,,,,,,,,,,,
333,US-NE,Nebraska,2020-07-27,1630.0,60.0,,1.1528036802188237,,,,,,,,,,,,
334,US-NE,Nebraska,2020-08-03,1722.0,92.0,,0.9963943802063906,,,,,,,,,,,,
335,US-NE,Nebraska,2020-08-10,1883.0,161.0,,0.8912097476066144,,,,,,,,,,,,
336,US-NE,Nebraska,2020-08-17,1910.0,27.0,,0.7624020887728459,,,,,,,,,,,,
337,US-NE,Nebraska,2020-08-24,1994.0,84.0,,0.9941564093000123,,,,,,,,,,,,
338,US-NE,Nebraska,2020-08-31,2068.0,74.0,,1.0324505781424842,,,,,,,,,,,,
339,US-NE,Nebraska,2020-09-07,2139.0,71.0,,0.8250652741514359,,,,,,,,,,,,
340,US-NE,Nebraska,2020-09-14,2194.0,55.0,,1.0496083550913837,,,,,,,,,,,,
341,US-NE,Nebraska,2020-09-21,2280.0,86.0,,1.0911351485764018,,,,,,,,,,,,
342,US-NH,New Hampshire,2020-01-06,,,1.2427843803056027,1.5273344651952458,0.8156196943972834,1.6597623089983022,2.1528013582342953,0.8631578947368421,3.234634974533107,1.394227504244482,1.0526315789473684,1.2617996604414259,0.7585738539898131,1.157215619694397,1.1477079796264853,2.323938879456706
343,US-NH,New Hampshire,2020-01-13,,,1.26044142614601,1.5354838709677419,0.8149405772495755,1.4404074702886247,2.549405772495755,0.9378607809847198,2.7103565365025464,1.4689303904923596,1.061460101867572,1.4404074702886247,0.6539898132427844,1.2509337860780985,1.3365025466893037,2.719864176570458
344,US-NH,New Hampshire,2020-01-20,,,1.265874363327674,1.4560271646859082,0.932427843803056,1.7989813242784378,1.8560271646859081,0.9616298811544991,2.8176570458404075,1.5327674023769098,0.8950764006791171,1.3039049235993208,0.8563667232597622,1.1327674023769099,1.2848896434634975,2.4651952461799658
345,US-NH,New Hampshire,2020-01-27,,,1.2156196943972832,1.6740237691001696,0.7572156196943972,2.0013582342954157,2.0855687606112054,0.8135823429541595,2.87062818336163,1.3840407470288623,1.2529711375212222,1.5334465195246176,1.0098471986417656,1.3093378607809847,1.430899830220713,2.833276740237691
346,US-NH,New Hampshire,2020-02-03,,,1.330390492359932,1.7120543293718165,0.7721561969439728,1.6373514431239387,1.432937181663837,1.2937181663837012,3.3310696095076398,1.432937181663837,0.9772495755517826,1.395585738539898,0.6607809847198641,1.228522920203735,1.3120543293718165,2.25195246179966
347,US-NH,New Hampshire,2020-02-10,,,1.4512733446519523,1.5076400679117146,1.0390492359932089,1.7792869269949063,1.5728353140916806,1.2828522920203733,3.155178268251273,1.1986417657045838,1.1239388794567062,1.4886247877758914,0.7212224108658742,1.4981324278438028,1.8723259762308997,2.1344651952461797
348,US-NH,New Hampshire,2020-02-17,,,1.0383701188455008,1.3874363327674022,0.5568760611205432,1.7086587436332765,1.7276740237691002,0.8971137521222411,2.7748726655348044,1.5483870967741935,1.2081494057724955,1.3874363327674022,0.6607809847198641,1.4628183361629878,1.5293718166383699,2.4448217317487266
349,US-NH,New Hampshire,2020-02-24,,,1.2325976230899829,1.3147707979626484,0.7599320882852291,1.591850594227504,1.5409168081494058,2.084889643463497,2.7320882852292017,1.8179966044142613,1.1809847198641765,1.5205432937181662,1.0784380305602717,1.1504244482173174,1.45874363327674,2.424448217317487
350,US-NH,New Hampshire,2020-03-02,,,1.390152801358234,1.8913412563667231,0.8509337860780983,1.9388794567062817,1.7398981324278437,1.730390492359932,2.9602716468590833,1.2862478777589135,1.3806451612903223,1.2767402376910015,1.4091680814940575,1.4376910016977928,1.0213921901528011,2.922241086587436
351,US-NH,New Hampshire,2020-03-09,,,0.9860780984719862,1.8139219015280135,0.8835314091680814,1.6461799660441423,1.757555178268251,1.3582342954159592,2.753140916808149,1.0227504244482173,1.0417657045840407,1.0417657045840407,1.729711375212224,1.1721561969439729,1.2835314091680812,4.436672325976231
352,US-NH,New Hampshire,2020-03-16,,,1.1680814940577249,0.9269949066213922,1.301867572156197,1.7921901528013582,1.3460101867572154,0.6241086587436332,2.1039049235993206,0.8020373514431239,0.7402376910016978,1.0159592529711374,2.7816638370118842,0.7755517826825127,0.8468590831918505,4.011544991511036
353,US-NH,New Hampshire,2020-03-23,45.0,45.0,1.193887945670628,0.7986417657045839,1.5049235993208827,1.6733446519524617,1.4044142614601016,2.791171477079796,1.5388794567062818,1.3202037351443123,0.8156196943972834,0.933106960950764,2.3544991511035653,0.9582342954159592,1.2780984719864175,2.4468590831918506
354,US-NH,New Hampshire,2020-03-30,92.0,47.0,0.8108658743633276,0.7864176570458403,1.4397283531409166,1.5062818336162986,1.0757215619694396,1.4315789473684208,1.2,1.1918505942275042,1.0179966044142614,0.9351443123938878,2.052292020373514,0.9432937181663836,0.6784380305602716,1.754159592529711
355,US-NH,New Hampshire,2020-04-06,152.0,60.0,1.1816638370118844,,1.3745331069609505,1.5089983022071305,1.2407470288624787,1.0899830220713072,0.9555178268251273,1.39151103565365,1.165365025466893,1.2156196943972832,1.4838709677419355,0.8047538200339558,1.1151103565365026,1.299151103565365
356,US-NH,New Hampshire,2020-04-13,198.0,46.0,1.091341256366723,0.6071307300509337,1.3704584040747028,1.1409168081494057,1.034295415959253,1.3786078098471986,0.9113752122241086,1.1986417657045838,1.0016977928692699,1.091341256366723,1.3215619694397283,0.9439728353140916,1.1986417657045838,0.7877758913412563
357,US-NH,New Hampshire,2020-04-20,242.0,44.0,1.3867572156196943,0.6601018675721562,1.0981324278438032,0.9820033955857385,1.3867572156196943,1.2550084889643462,0.8251273344651952,1.1884550084889642,0.9738539898132427,1.295755517826825,1.3127334465195244,0.9242784380305601,0.965704584040747,0.965704584040747
358,US-NH,New Hampshire,2020-04-27,286.0,44.0,1.1796264855687606,0.432597623089983,1.1368421052631577,1.0859083191850594,0.8061120543293717,1.5782682512733444,0.7130730050933786,1.2047538200339556,0.9758913412563666,1.3745331069609505,1.06893039049236,0.9758913412563666,1.0859083191850594,1.0859083191850594
359,US-NH,New Hampshire,2020-05-04,318.0,32.0,1.2190152801358232,0.7096774193548386,0.9521222410865873,0.8183361629881154,1.3691001697792868,1.4193548387096773,0.7429541595925296,1.2108658743633274,0.9521222410865873,1.3358234295415958,1.1436332767402375,1.102207130730051,0.9684210526315788,0.6261460101867572
360,US-NH,New Hampshire,2020-05-11,359.0,41.0,0.8747028862478777,0.6539898132427844,1.0784380305602717,0.764006791171477,1.4349745331069608,0.7388794567062819,0.6709677419354838,0.9507640067911713,0.899830220713073,1.1035653650254669,0.9086587436332767,0.5521222410865875,1.1972835314091679,0.6030560271646859
361,US-NH,New Hampshire,2020-05-18,419.0,60.0,1.0458404074702885,,0.8258064516129031,1.028183361629881,1.0193548387096774,0.7646859083191849,0.7646859083191849,1.3528013582342955,0.9575551782682512,1.3093378607809847,1.3351443123938878,1.0716468590831918,1.326994906621392,0.430560271646859
362,US-NH,New Hampshire,2020-05-25,451.0,32.0,1.0390492359932089,0.6899830220713072,0.6811544991511035,0.8122241086587436,1.195925297113752,0.8210526315789473,0.5935483870967742,0.8814940577249575,0.6200339558573854,1.1789473684210525,0.663497453310696,0.9168081494057724,1.0213921901528011,
363,US-NH,New Hampshire,2020-06-01,489.0,38.0,1.1252971137521222,0.5405772495755518,0.7327674023769098,0.6458404074702886,1.195246179966044,0.8638370118845501,0.8373514431239388,1.2040747028862477,0.7239388794567062,1.2821731748726652,0.7062818336162988,0.9507640067911713,1.1775891341256366,0.3748726655348047
364,US-NH,New Hampshire,2020-06-08,519.0,30.0,1.0879456706281831,0.6152801358234296,0.6064516129032257,0.6601018675721562,1.7568760611205432,1.034295415959253,0.7137521222410865,1.0791171477079795,0.793887945670628,1.1327674023769099,0.9011884550084889,1.0879456706281831,1.0967741935483868,
365,US-NH,New Hampshire,2020-06-15,553.0,34.0,0.8882852292020372,0.8054329371816638,0.8516129032258063,0.9704584040747027,1.528692699490662,0.9792869269949065,0.5494057724957555,1.1898132427843802,0.8054329371816638,1.2176570458404072,0.7870967741935483,1.0526315789473684,0.9887945670628183,0.4122241086587436
366,US-NH,New Hampshire,2020-06-22,565.0,12.0,1.2835314091680812,0.5385398981324278,1.1130730050933786,0.924957555178268,1.2747028862478775,0.6193548387096773,,1.4811544991511034,0.8441426146010186,1.6787775891341254,0.996264855687606,0.9426146010186757,1.0146010186757215,
367,US-NH,New Hampshire,2020-06-29,570.0,5.0,0.9561969439728353,0.6098471986417656,0.8740237691001697,0.6098471986417656,1.4023769100169776,0.7830220713073004,0.7470288624787775,1.393548387096774,0.6648556876061119,1.2842105263157895,0.8108658743633276,1.1205432937181663,1.12937181663837,0.46451612903225803
368,US-NH,New Hampshire,2020-07-06,589.0,19.0,1.12597623089983,0.7178268251273344,1.0193548387096774,0.9487266553480475,1.303225806451613,1.0105263157894737,0.7979626485568759,1.303225806451613,0.629541595925297,1.303225806451613,0.9045840407470288,1.4186757215619694,0.9310696095076401,
369,US-NH,New Hampshire,2020-07-13,673.0,84.0,1.3025466893039048,0.4937181663837011,0.6465195246179966,0.8977928692699491,1.652292020373514,0.9609507640067911,0.7904923599320882,1.1402376910016976,0.9786078098471985,1.3826825127334463,1.3378607809847196,1.2033955857385397,1.0057724957555179,0.47606112054329364
370,US-NH,New Hampshire,2020-07-20,688.0,15.0,0.9745331069609506,0.8210526315789473,0.8930390492359932,0.8033955857385399,1.9042444821731745,1.0105263157894737,0.9025466893039048,1.786757215619694,0.6859083191850593,1.3446519524617995,0.9568760611205432,1.3263157894736841,1.2814940577249574,0.48692699490662134
371,US-NH,New Hampshire,2020-07-27,696.0,8.0,1.1144312393887945,0.8719864176570458,0.9079796264855686,0.8176570458404073,1.9864176570458403,0.7368421052631579,1.0424448217317486,1.303225806451613,1.2224108658743633,1.060780984719864,0.9887945670628183,1.024787775891341,1.2400679117147708,0.3592529711375212
372,US-NH,New Hampshire,2020-08-03,704.0,8.0,1.2183361629881153,0.5052631578947369,0.793887945670628,0.6587436332767401,1.957894736842105,0.8753820033955857,0.7850594227504244,1.1368421052631577,0.7762308998302206,1.3446519524617995,1.092020373514431,1.2183361629881153,1.2359932088285228,0.36129032258064514
373,US-NH,New Hampshire,2020-08-10,709.0,5.0,1.0954159592529709,0.7361629881154498,0.9881154499151104,0.7721561969439728,1.930730050933786,0.6465195246179966,1.060101867572156,1.4546689303904923,0.8169779286926994,1.2753820033955856,0.9073005093378607,1.2753820033955856,1.194567062818336,
374,US-NH,New Hampshire,2020-08-17,712.0,3.0,1.4030560271646857,0.7103565365025467,0.899151103565365,0.7646859083191849,1.7901528013582342,0.6023769100169778,1.0254668930390491,1.034295415959253,0.8903225806451611,1.3494057724957556,1.0431239388794566,1.3134125636672325,1.2774193548387094,
375,US-NH,New Hampshire,2020-08-24,714.0,2.0,1.1368421052631577,0.6696095076400678,1.0044142614601017,0.9602716468590832,2.0088285229202034,0.5813242784380306,0.8543293718166383,1.3215619694397283,0.7578947368421052,1.2067911714770796,0.9602716468590832,1.2156196943972832,1.2421052631578946,0.35246179966044144
376,US-NH,New Hampshire,2020-08-31,718.0,4.0,1.0818336162988114,1.0465195246179966,1.0641765704584039,0.8516129032258063,1.4804753820033956,1.2767402376910015,0.8869269949066213,1.4186757215619694,0.8780984719864176,1.0641765704584039,0.9928692699490661,1.2414261460101867,1.12597623089983,0.5500848896434635
377,US-NH,New Hampshire,2020-09-07,721.0,3.0,1.1103565365025467,0.6886247877758913,1.1103565365025467,0.8434634974533106,1.5755517826825125,1.3168081494057724,0.9039049235993208,1.463497453310696,0.964346349745331,1.2910016977928693,0.8950764006791171,1.3426146010186755,1.6013582342954158,0.5507640067911714
378,US-NH,New Hampshire,2020-09-14,726.0,5.0,1.3263157894736841,0.6417657045840406,0.598981324278438,1.2665534804753817,1.6258064516129032,2.165025466893039,0.9412563667232596,1.2923599320882853,0.8387096774193548,1.2067911714770796,1.1891341256366723,1.2923599320882853,1.463497453310696,0.43667232597623085
379,US-NH,New Hampshire,2020-09-21,737.0,11.0,1.033616298811545,0.9140916808149405,1.0764006791171477,1.1531409168081492,1.862818336162988,1.5123938879456704,1.1449915110356534,1.2814940577249574,1.1789473684210525,1.589134125636672,0.8373514431239388,1.1877758913412562,1.5205432937181662,0.760611205432937
380,US-NM,New Mexico,2020-01-06,,,,2.08645114420632,,,,,,,,,,,,2.94321346409977
381,US-NM,New Mexico,2020-01-13,,,,2.177503329700932,,,,,,,,,,,,2.938854582879283
382,US-NM,New Mexico,2020-01-20,,,,2.197844775396537,,,,,,,,,,,,2.6395447390725266
383,US-NM,New Mexico,2020-01-27,,,,2.3305484925535778,,,,,,,,,,,,2.824070710739799
384,US-NM,New Mexico,2020-02-03,,,,2.4952173386608547,,,,,,,,,,,,2.401743552488195
385,US-NM,New Mexico,2020-02-10,,,,2.0075069621019495,,,,,,,,,,,,2.598861847681317
386,US-NM,New Mexico,2020-02-17,,,,2.3862453081486863,,,,,,,,,,,,2.2060782177019007
387,US-NM,New Mexico,2020-02-24,,,,2.15377164305606,,,,,,,,,,,,3.0323283690519434
388,US-NM,New Mexico,2020-03-02,,,,2.3082697663155343,,,,,,,,,,,,3.2129797796343382
389,US-NM,New Mexico,2020-03-09,,,,2.3499212979779633,,,,,,,,,,,,4.84320135609638
390,US-NM,New Mexico,2020-03-16,,,,1.927594139726359,,,,,,,,,,,,4.7448843685676225
391,US-NM,New Mexico,2020-03-23,,,,1.5822738830366874,,,,,,,,,,,,3.4096137546918515
392,US-NM,New Mexico,2020-03-30,,,,1.343019736045526,,,,,,,,,,,,2.393510110182831
393,US-NM,New Mexico,2020-04-06,,,,1.1938491342777575,,,,,,,,,,,,1.785688339992735
394,US-NM,New Mexico,2020-04-13,274.0,274.0,,1.1241070347499698,,,,,,,,,,,,1.201113936311902
395,US-NM,New Mexico,2020-04-20,412.0,138.0,,0.876135125317835,,,,,,,,,,,,0.9051943334544134
396,US-NM,New Mexico,2020-04-27,587.0,175.0,,1.0780966218670542,,,,,,,,,,,,0.7613512531783508
397,US-NM,New Mexico,2020-05-04,789.0,202.0,,1.112967671630948,,,,,,,,,,,,0.8722605642329581
398,US-NM,New Mexico,2020-05-11,886.0,97.0,,0.7511805303305484,,,,,,,,,,,,0.6712677079549582
399,US-NM,New Mexico,2020-05-18,1243.0,357.0,,0.8562779997578399,,,,,,,,,,,,0.7206683617871413
400,US-NM,New Mexico,2020-05-25,1317.0,74.0,,1.050006054001695,,,,,,,,,,,,0.7739435767042014
401,US-NM,New Mexico,2020-06-01,1533.0,216.0,,0.9042256931831941,,,,,,,,,,,,0.4833514953384187
402,US-NM,New Mexico,2020-06-08,1625.0,92.0,,1.2616539532631068,,,,,,,,,,,,0.9439399443031843
403,US-NM,New Mexico,2020-06-15,1746.0,121.0,,1.0693788594260805,,,,,,,,,,,,0.6523792226661823
404,US-NM,New Mexico,2020-06-22,1865.0,119.0,,0.703717157040804,,,,,,,,,,,,0.5545465552730354
405,US-NM,New Mexico,2020-06-29,2006.0,141.0,,0.719699721515922,,,,,,,,,,,,0.8398111151471122
406,US-NM,New Mexico,2020-07-06,2204.0,198.0,,1.1778665698026396,,,,,,,,,,,,1.1672115268192276
407,US-NM,New Mexico,2020-07-13,2387.0,183.0,,0.8194696694515075,,,,,,,,,,,,0.9037413730475844
408,US-NM,New Mexico,2020-07-20,2560.0,173.0,,1.0301489284416998,,,,,,,,,,,,0.9453929047100132
409,US-NM,New Mexico,2020-07-27,2720.0,160.0,,1.051459014408524,,,,,,,,,,,,0.6480203414456956
410,US-NM,New Mexico,2020-08-03,2851.0,131.0,,0.9308633006417241,,,,,,,,,,,,0.6799854703959316
411,US-NM,New Mexico,2020-08-10,2965.0,114.0,,0.7410098074827461,,,,,,,,,,,,0.4872260564232958
412,US-NM,New Mexico,2020-08-17,3031.0,66.0,,0.8853372078944183,,,,,,,,,,,,0.7376195665334786
413,US-NM,New Mexico,2020-08-24,3126.0,95.0,,0.9168180167090446,,,,,,,,,,,,0.4683375711345199
414,US-NM,New Mexico,2020-08-31,3186.0,60.0,,1.1313718367841141,,,,,,,,,,,,0.5356580699842596
415,US-NM,New Mexico,2020-09-07,3267.0,81.0,,0.8906647293861242,,,,,,,,,,,,0.8107519070105339
416,US-NM,New Mexico,2020-09-14,3341.0,74.0,,0.9860757961012229,,,,,,,,,,,,0.43395084150623564
417,US-NM,New Mexico,2020-09-21,3443.0,102.0,,0.8364208741978447,,,,,,,,,,,,0.7967066230778544
418,US-RI,Rhode Island,2020-01-06,,,1.2648743940061702,1.5178492728074042,1.001322168356104,1.45702952842662,1.355663287791979,1.0321727633318645,2.347289554869987,1.102688408990745,0.9405024239753196,1.224327897752314,0.6575583957690613,1.0929925077126488,1.0524460114587926,1.3353900396650509
419,US-RI,Rhode Island,2020-01-13,,,0.986337593653592,1.2780960775672103,0.6646099603349493,1.629792860290877,1.579550462758925,1.1573380343763775,2.3040987219039226,1.0462758924636404,0.9757602468047599,1.0762450418686649,0.492728074041428,1.1670339356544734,0.986337593653592,1.8818862935213754
420,US-RI,Rhode Island,2020-01-20,,,1.3151167915381226,1.4332304980167478,0.612604671661525,1.4235345967386515,1.127368884971353,0.9096518289995594,2.1947994711326575,1.245482591449978,0.9986778316438961,1.0674305861613047,0.7712648743940063,1.1961216394887617,1.581313353900397,2.115469369766417
421,US-RI,Rhode Island,2020-01-27,,,1.4244160423093875,1.5204936095196122,0.7078007933010136,1.4341119435874836,1.0515645658880566,1.358307624504187,2.1516086381665933,1.2816218598501543,1.0330542089026005,1.1855442926399296,0.8514764213309829,0.9466725429704717,1.0806522697223446,2.228294402820626
422,US-RI,Rhode Island,2020-02-03,,,1.1802556192155136,1.4085500220361395,0.7897752313794625,1.608638166593213,1.3036579991185544,1.246364037020714,2.4081092992507713,1.1511679153812253,1.113265755839577,1.1899515204936097,0.742177170559718,1.4279418245923314,1.3327457029528427,2.1886293521375055
423,US-RI,Rhode Island,2020-02-10,,,1.2551784927280742,1.5372410753635966,0.5738210665491407,1.5178492728074042,1.1776112825033054,1.3133539003966506,2.792419568091671,1.5469369766416925,0.73953283384751,1.0806522697223446,0.6910533274570296,0.7589246364037021,1.2939620978404585,1.868664609960335
424,US-RI,Rhode Island,2020-02-17,,,1.5028646981048923,1.604230938739533,0.995152049360952,1.5328338475099164,1.350374614367563,1.2384310268840901,2.923754958131336,0.995152049360952,1.0154252974878801,1.3195240193918027,0.7818422212428383,1.2895548699867785,1.4014984574702514,1.9189070074922876
425,US-RI,Rhode Island,2020-02-24,,,1.2208021154693698,1.230498016747466,0.8303217276333187,1.3168796826795945,1.1828999559277216,1.3353900396650509,2.251211987659762,0.9634200088144558,0.992507712648744,1.3071837814014986,1.0489202291758486,1.2401939180255621,1.106214191273689,1.8792419568091672
426,US-RI,Rhode Island,2020-03-02,,,1.228735125605994,1.3829881004847953,0.7836051123843104,1.3054208902600266,1.1317761128250332,1.857205817540767,2.195680916703394,0.9572498898193037,0.9281621859850154,1.0445130013221684,0.9475539885412076,0.986337593653592,1.2569413838695462,2.572939620978405
427,US-RI,Rhode Island,2020-03-09,,,0.7827236668135744,1.3010136624063464,1.0762450418686649,1.115028646981049,1.4085500220361395,0.8505949757602469,2.1419127368884974,0.9881004847950641,1.0471573380343766,1.0074922873512562,1.5945350374614369,0.9784045835169679,0.9881004847950641,3.227853680035258
428,US-RI,Rhode Island,2020-03-16,,,0.9431467606875276,1.0603790215954165,1.1476421330982813,1.8184222124283826,0.855883649184663,1.0110180696342002,1.7893345085940946,0.6901718818862936,0.6707800793301014,1.0700749228735127,2.722785368003526,0.5544292639929485,0.8461877479065668,2.66460996033495
429,US-RI,Rhode Island,2020-03-23,,,0.9175848391361835,0.9625385632437198,1.47906566769502,1.6932569413838698,0.6055531070956369,1.8889378580872633,1.3362714852357869,1.2657558395769062,0.624063464081093,0.9175848391361835,1.7549581313353901,0.864698104892023,1.3362714852357869,1.4438078448655796
430,US-RI,Rhode Island,2020-03-30,,,1.0956368444248568,0.8303217276333187,1.5724988981930368,1.1837814014984576,0.6804759806081975,1.2102247686205378,0.9889819303658001,0.8215072719259586,0.8126928162185987,0.8920229175848392,1.8289995592772148,0.6804759806081975,0.9184662847069194,1.5460555310709565
431,US-RI,Rhode Island,2020-04-06,331.0,331.0,1.0850594975760248,0.7589246364037021,1.1573380343763775,1.22961657117673,0.8320846187747907,1.2657558395769062,0.7051564565888057,1.0753635962979287,0.6963420008814457,1.1749669457910976,1.6632877919788456,0.8946672542970473,1.1661524900837374,1.22961657117673
432,US-RI,Rhode Island,2020-04-13,629.0,298.0,0.9528426619656237,0.6557955046275894,1.249889819303658,0.7606875275451742,0.8215072719259586,0.9352137505509035,0.9087703834288234,1.8439841339797272,1.092111062141913,0.9960334949316881,1.3979726751873072,0.864698104892023,1.127368884971353,0.7950639048038785
433,US-RI,Rhode Island,2020-04-20,718.0,89.0,0.9457910973997357,0.6681357426178934,1.0850594975760248,0.8417805200528868,0.7642133098281182,1.224327897752314,1.0154252974878801,1.3371529308065229,0.7985896870868225,1.2763331864257383,0.9898633759365361,0.9378580872631116,0.981048920229176,0.9898633759365361
434,US-RI,Rhode Island,2020-04-27,1061.0,343.0,1.3653591890700751,0.4521815777875717,1.1617452622300575,0.9748788012340239,0.8417805200528868,1.4446892904363158,0.6029087703834288,1.2587042750110182,0.9396209784045836,0.983693256941384,1.125605993829881,1.1970030850594977,0.9748788012340239,0.5403261348611723
435,US-RI,Rhode Island,2020-05-04,1280.0,219.0,0.9643014543851918,0.5985015425297489,0.9643014543851918,0.8479506390480388,0.6337593653591892,0.856765094755399,0.6602027324812694,1.2225650066108418,0.8752754517408551,1.0445130013221684,0.6513882767739092,1.0171881886293521,1.0268840899074483,0.3931247245482592
436,US-RI,Rhode Island,2020-05-11,1438.0,158.0,1.099162626707801,0.623182018510357,0.7598060819744381,0.9246364037020716,0.9070074922873512,0.8514764213309829,0.6778316438959895,1.374173644777435,0.9246364037020716,1.1353018951079772,1.0718378140149847,0.7598060819744381,0.8056412516527106,0.4398413397972676
437,US-RI,Rhode Island,2020-05-18,1580.0,142.0,1.0295284266196563,0.8990744821507273,1.2049360951961217,0.5288673424416043,0.9643014543851918,0.750991626267078,0.6029087703834288,0.8532393124724549,0.5103569854561482,1.122080211546937,0.9731159100925518,1.0198325253415603,0.9360951961216395,0.4539444689290437
438,US-RI,Rhode Island,2020-05-25,1724.0,144.0,0.5614808285588365,0.46804759806081975,0.8144557073600707,0.44953724107536364,1.0947553988541208,0.7483472895548701,0.6267078007933011,0.9643014543851918,0.7113265755839577,1.1414720141031292,0.9731159100925518,0.8417805200528868,0.991626267078008,
439,US-RI,Rhode Island,2020-06-01,1807.0,83.0,0.9475539885412076,0.5852798589687087,0.5112384310268842,0.5482591449977964,0.7157338034376377,0.613486117232261,0.6972234464521817,0.8453063023358308,0.8267959453503748,1.3195240193918027,0.5482591449977964,0.9387395328338476,1.2172763331864258,
440,US-RI,Rhode Island,2020-06-08,1882.0,75.0,0.9070074922873512,,0.8981930365799913,0.8505949757602469,1.2190392243278978,1.1344204495372412,0.7183781401498458,0.8408990744821507,0.9070074922873512,1.1811370647862496,0.869986778316439,0.9449096518289997,1.1344204495372412,
441,US-RI,Rhode Island,2020-06-15,1950.0,68.0,0.5993829881004848,0.8752754517408551,0.7571617452622301,0.7959453503746143,0.9237549581313356,1.0030850594975762,0.7571617452622301,0.8946672542970473,0.7078007933010136,1.100925517849273,0.7078007933010136,0.8849713530189511,1.0321727633318645,0.4230938739532834
442,US-RI,Rhode Island,2020-06-22,1995.0,45.0,0.8937858087263113,0.7192595857205818,0.6707800793301014,0.7289554869986778,1.350374614367563,1.0885852798589688,0.8937858087263113,1.0691934773027767,0.6804759806081975,1.23402379903041,0.6901718818862936,1.0207139709122963,0.981048920229176,
443,US-RI,Rhode Island,2020-06-29,2019.0,24.0,1.0189510797708243,,0.7818422212428383,0.6037902159541648,1.4349933891582198,0.7818422212428383,0.7227853680035258,1.1776112825033054,0.9008373732921994,1.1679153812252094,0.8312031732040547,0.8408990744821507,0.6434552666372853,
444,US-RI,Rhode Island,2020-07-06,2066.0,47.0,1.0621419127368887,0.9466725429704717,1.0145438519171441,0.8206258263552227,1.371529308065227,1.0242397531952403,0.9078889378580874,1.100925517849273,0.8312031732040547,1.3036579991185544,0.617893345085941,0.8497135301895109,0.9757602468047599,
445,US-RI,Rhode Island,2020-07-13,2110.0,44.0,1.0929925077126488,0.8126928162185987,1.0832966064345526,0.7351256059938299,1.2093433230498019,0.6963420008814457,0.6381665932128692,1.0154252974878801,0.7254297047157339,1.0251211987659763,0.7933010136624065,1.0542089026002646,0.9581313353900397,
446,US-RI,Rhode Island,2020-07-20,2174.0,64.0,1.108858527985897,0.6610841780520054,0.7192595857205818,0.6901718818862936,1.1573380343763775,1.0691934773027767,0.9237549581313356,1.1864257382106658,0.8461877479065668,1.108858527985897,0.9431467606875276,0.9625385632437198,0.6901718818862936,0.39841339797267517
447,US-RI,Rhode Island,2020-07-27,2231.0,57.0,1.0806522697223446,0.7139709122961657,0.7906566769501985,0.8100484795063905,0.9643014543851918,1.0321727633318645,0.7139709122961657,1.0418686646099604,0.8779197884530632,1.2825033054208905,0.868223887174967,1.1864257382106658,0.8003525782282945,0.38607315998237113
448,US-RI,Rhode Island,2020-08-03,2311.0,80.0,0.9070074922873512,0.6725429704715734,0.7113265755839577,0.8479506390480388,1.4720141031291318,0.8479506390480388,0.497135301895108,1.092111062141913,0.5553107095636844,1.0533274570295286,0.9167033935654475,1.1115028646981049,0.9263992948435434,
449,US-RI,Rhode Island,2020-08-10,2380.0,69.0,0.9766416923754959,0.5896870868223888,0.8029969149405024,0.9378580872631116,1.3926840017628914,1.0057293962097842,0.6478624944909652,1.3248126928162187,1.1793741736447776,1.227853680035258,1.0154252974878801,0.9184662847069194,1.102688408990745,
450,US-RI,Rhode Island,2020-08-17,2460.0,80.0,0.8964301454385193,0.45835169678272375,0.9352137505509035,0.5949757602468049,1.4323490524460116,0.994270603790216,0.9651828999559278,1.2763331864257383,1.0330542089026005,1.354781842221243,0.8382547377699427,1.2966064345526667,1.237549581313354,0.38959894226531516
451,US-RI,Rhode Island,2020-08-24,2519.0,59.0,0.9193477302776554,0.5121198765976201,0.8153371529308066,0.9290436315557514,1.3177611282503305,0.9008373732921994,0.7298369325694138,1.241956809167034,0.7677390921110623,1.1476421330982813,0.8056412516527106,0.9193477302776554,1.109739973556633,0.40722785368003533
452,US-RI,Rhode Island,2020-08-31,2589.0,70.0,1.25165271044513,0.7959453503746143,0.8532393124724549,0.9387395328338476,1.1282503305420892,1.0048479506390482,0.6919347730277656,0.8435434111943588,0.9193477302776554,1.3362714852357869,0.8435434111943588,1.1943587483472897,0.9008373732921994,0.4451300132216836
453,US-RI,Rhode Island,2020-09-07,2644.0,55.0,1.126487439400617,0.7201410312913178,0.9140590568532393,1.0709563684442487,1.1811370647862496,1.1723226090788896,0.987219039224328,0.7104451300132218,0.9043631555751434,1.2551784927280742,1.0427501101806964,0.9510797708241516,1.0612604671661525,0.5720581754076687
454,US-RI,Rhode Island,2020-09-14,2693.0,49.0,1.1344204495372412,0.744821507271926,0.6646099603349493,0.983693256941384,1.1520493609519613,1.7999118554429268,0.8417805200528868,1.0374614367562804,0.7977082415160865,1.1432349052446014,0.6910533274570296,1.1432349052446014,1.0101366240634642,
455,US-RI,Rhode Island,2020-09-21,2725.0,32.0,0.9316879682679595,0.7897752313794625,0.7280740414279419,1.0207139709122963,1.5354781842221246,1.7928602908770386,0.9052446011458793,1.127368884971353,1.0383428823270164,1.2869105332745705,0.9405024239753196,1.25165271044513,1.4288232701630676,0.4169237549581314
456,US-SD,South Dakota,2020-01-06,,,0.7722908093278463,1.1755829903978052,1.0589849108367626,0.9739368998628257,1.0589849108367626,1.075445816186557,1.8477366255144034,,0.7722908093278463,1.1426611796982167,0.9410150891632374,,1.3772290809327845,1.4951989026063102
457,US-SD,South Dakota,2020-01-13,,,1.2345679012345678,1.2674897119341564,0.7736625514403291,1.4814814814814816,1.5802469135802468,1.300411522633745,2.156378600823045,0.691358024691358,0.8395061728395062,1.1358024691358024,,0.9382716049382716,1.646090534979424,1.860082304526749
458,US-SD,South Dakota,2020-01-20,,,1.0329218106995885,1.366255144032922,0.832647462277092,1.532235939643347,1.0329218106995885,1.2496570644718792,1.93278463648834,0.8669410150891633,0.6995884773662551,0.832647462277092,,0.7489711934156379,1.9149519890260631,1.8161865569272977
459,US-SD,South Dakota,2020-01-27,,,,1.0740740740740742,0.7434842249657064,1.6844993141289437,1.403292181069959,1.3703703703703705,2.3292181069958846,1.569272976680384,1.2716049382716048,,0.776406035665295,,1.5363511659807956,1.784636488340192
460,US-SD,South Dakota,2020-02-03,,,1.1193415637860082,2.139917695473251,0.8559670781893004,1.4979423868312758,1.2345679012345678,1.5637860082304527,2.122085048010974,0.8559670781893004,1.0534979423868311,0.9382716049382716,,1.1522633744855968,1.2181069958847737,2.2386831275720165
461,US-SD,South Dakota,2020-02-10,,,0.7133058984910837,1.5267489711934157,,1.1714677640603566,1.0521262002743483,1.3401920438957475,2.765432098765432,0.8820301783264746,0.6954732510288066,1.187928669410151,0.7969821673525377,0.7462277091906722,1.1193415637860082,2.2743484224965704
462,US-SD,South Dakota,2020-02-17,,,0.7201646090534979,1.2400548696844993,,1.609053497942387,0.9725651577503429,1.4252400548696846,1.8271604938271606,1.4417009602194788,,1.2400548696844993,0.7201646090534979,1.0727023319615911,1.139917695473251,2.179698216735254
463,US-SD,South Dakota,2020-02-24,,,0.8998628257887517,1.5871056241426613,,1.6200274348422496,1.5390946502057614,1.0480109739369,2.6680384087791493,,0.8189300411522633,0.9657064471879286,0.9327846364883402,0.8189300411522633,1.570644718792867,1.7517146776406034
464,US-SD,South Dakota,2020-03-02,,,0.7064471879286695,1.3305898491083674,,1.2318244170096022,1.4622770919067216,1.3470507544581618,2.9739368998628257,0.887517146776406,0.7064471879286695,0.9849108367626885,,0.6899862825788752,1.9876543209876543,1.8065843621399176
465,US-SD,South Dakota,2020-03-09,,,0.8257887517146776,2.065843621399177,0.9917695473251029,1.3717421124828533,1.0246913580246912,0.7434842249657064,2.6598079561042525,,,,1.4211248285322358,1.0905349794238683,1.2729766803840876,3.5528120713305897
466,US-SD,South Dakota,2020-03-16,,,1.1111111111111112,0.9602194787379973,1.6323731138545954,1.5829903978052124,,1.4307270233196159,2.2222222222222223,0.6735253772290809,,1.1947873799725652,1.784636488340192,1.027434842249657,1.4142661179698217,3.400548696844993
467,US-SD,South Dakota,2020-03-23,,,0.6529492455418381,1.3840877914951988,1.6790123456790125,1.6008230452674896,1.1810699588477365,2.844993141289437,1.3525377229080933,,0.6529492455418381,0.8244170096021948,1.9122085048010973,0.8545953360768176,0.8545953360768176,2.766803840877915
468,US-SD,South Dakota,2020-03-30,23.0,23.0,0.6776406035665296,0.6776406035665296,1.1550068587105624,1.4320987654320987,,1.046639231824417,1.2167352537722906,0.7078189300411523,0.8010973936899862,0.8930041152263374,1.7558299039780523,0.9849108367626885,1.4787379972565158,2.2331961591220852
469,US-SD,South Dakota,2020-04-06,44.0,21.0,0.6488340192043897,,1.281207133058985,1.3758573388203017,,1.5020576131687242,0.7434842249657064,1.0919067215363512,,0.7750342935528122,1.3758573388203017,1.0919067215363512,1.1385459533607682,1.1069958847736625
470,US-SD,South Dakota,2020-04-13,87.0,43.0,0.6598079561042524,0.7366255144032922,1.5198902606310014,0.6145404663923183,,1.336076817558299,0.9519890260631002,1.0905349794238683,0.8449931412894376,1.0137174211248285,0.8299039780521261,0.7366255144032922,0.9835390946502057,
471,US-SD,South Dakota,2020-04-20,150.0,63.0,0.6515775034293553,0.635116598079561,1.1440329218106995,0.6995884773662551,0.953360768175583,1.5733882030178328,0.7146776406035665,0.8737997256515775,,1.0329218106995885,1.0480109739369,0.9368998628257887,1.2866941015089164,
472,US-SD,South Dakota,2020-04-27,211.0,61.0,0.7956104252400549,,1.1358024691358024,,0.7626886145404663,1.4773662551440327,,0.9410150891632374,0.8285322359396433,0.9094650205761317,0.9739368998628257,0.8765432098765432,1.0068587105624143,
473,US-SD,South Dakota,2020-05-04,263.0,52.0,,0.869684499314129,0.9478737997256516,0.6323731138545954,,1.0905349794238683,0.7434842249657064,,0.8216735253772292,1.0589849108367626,0.7105624142661179,1.027434842249657,1.1700960219478738,
474,US-SD,South Dakota,2020-05-11,316.0,53.0,,,0.934156378600823,0.7887517146776406,,0.9026063100137174,0.7407407407407408,1.1920438957475994,0.7572016460905349,1.1591220850480108,0.6762688614540466,0.9821673525377229,0.9176954732510288,
475,US-SD,South Dakota,2020-05-18,370.0,54.0,,,1.1028806584362139,,0.9478737997256516,0.7750342935528122,,0.7585733882030179,,1.1714677640603566,0.7064471879286695,0.9135802469135803,1.1536351165980796,
476,US-SD,South Dakota,2020-05-25,435.0,65.0,0.9465020576131687,,,0.8065843621399177,0.7887517146776406,0.7709190672153635,0.7366255144032922,0.840877914951989,,0.8065843621399177,0.7530864197530864,1.244170096021948,1.262002743484225,
477,US-SD,South Dakota,2020-06-01,482.0,47.0,0.7119341563786009,,,,0.8861454046639232,,0.9725651577503429,0.9026063100137174,0.850480109739369,0.8861454046639232,0.7818930041152263,0.8861454046639232,,
478,US-SD,South Dakota,2020-06-08,544.0,62.0,,,0.9149519890260631,,1.1742112482853224,0.8628257887517147,0.691358024691358,0.9149519890260631,,,0.7421124828532236,0.7599451303155007,0.8463648834019204,0.7256515775034293
479,US-SD,South Dakota,2020-06-15,616.0,72.0,,,,,1.0164609053497942,0.8957475994513032,,,1.0507544581618655,0.8271604938271605,,1.1536351165980796,1.2908093278463648,
480,US-SD,South Dakota,2020-06-22,657.0,41.0,0.9149519890260631,,,,1.2427983539094651,0.8449931412894376,0.9657064471879286,1.1385459533607682,,0.776406035665295,,1.1906721536351166,1.0699588477366255,0.8628257887517147
481,US-SD,South Dakota,2020-06-29,692.0,35.0,,,1.244170096021948,0.7640603566529492,0.9780521262002744,0.7997256515775034,,0.9780521262002744,,0.9423868312757202,,0.9958847736625515,0.9958847736625515,0.7462277091906722
482,US-SD,South Dakota,2020-07-06,742.0,50.0,,0.9643347050754458,0.8806584362139918,0.8806584362139918,0.9643347050754458,,0.7105624142661179,0.9821673525377229,0.8120713305898491,0.897119341563786,1.0150891632373114,1.2866941015089164,1.0658436213991769,
483,US-SD,South Dakota,2020-07-13,774.0,32.0,,0.7256515775034293,1.6886145404663924,0.8271604938271605,1.300411522633745,,,0.9465020576131687,0.7599451303155007,1.1824417009602193,0.6762688614540466,0.9286694101508915,1.300411522633745,
484,US-SD,South Dakota,2020-07-20,806.0,32.0,0.8984910836762688,,1.0507544581618655,,1.1865569272976682,,0.9492455418381344,0.6941015089163237,,0.8477366255144032,0.8299039780521261,,1.2537722908093278,
485,US-SD,South Dakota,2020-07-27,838.0,32.0,1.0877914951989025,1.1220850480109739,0.7818930041152263,,1.3593964334705075,,0.9176954732510288,,,0.9355281207133059,0.8161865569272977,0.7983539094650206,1.2743484224965704,
486,US-SD,South Dakota,2020-08-03,882.0,44.0,0.8189300411522633,,1.2373113854595335,,1.337448559670782,1.1536351165980796,1.0699588477366255,0.9862825788751716,,0.7352537722908093,,,1.5377229080932786,
487,US-SD,South Dakota,2020-08-10,921.0,39.0,,,0.7133058984910837,,0.7969821673525377,0.7475994513031551,0.9629629629629629,1.0123456790123457,0.7475994513031551,,,0.9794238683127572,1.112482853223594,
488,US-SD,South Dakota,2020-08-17,965.0,44.0,,0.6611796982167353,1.0164609053497942,,0.8710562414266118,1.0480109739369,1.2098765432098766,0.7256515775034293,,0.9684499314128944,0.6941015089163237,1.1138545953360768,1.775034293552812,
489,US-SD,South Dakota,2020-08-24,1029.0,64.0,0.8271604938271605,0.6886145404663923,0.887517146776406,1.010973936899863,1.1934156378600822,,0.6584362139917695,1.0260631001371743,0.7654320987654321,1.0864197530864197,0.887517146776406,0.9492455418381344,1.2085048010973938,
490,US-SD,South Dakota,2020-08-31,1084.0,55.0,0.9355281207133059,0.9506172839506173,1.075445816186557,1.3086419753086418,0.887517146776406,1.0123456790123457,0.7640603566529492,0.8724279835390947,0.6694101508916324,0.9972565157750343,0.8573388203017832,0.9355281207133059,1.511659807956104,
491,US-SD,South Dakota,2020-09-07,1171.0,87.0,0.8998628257887517,0.6406035665294925,0.8381344307270233,0.9451303155006858,1.3868312757201646,2.119341563786008,,1.082304526748971,0.8998628257887517,1.0973936899862826,0.7311385459533608,0.6406035665294925,1.3113854595336076,
492,US-SD,South Dakota,2020-09-14,1297.0,126.0,0.6049382716049383,0.9835390946502057,0.8010973936899862,1.5733882030178328,0.7407407407407408,1.831275720164609,1.1495198902606312,0.8628257887517147,,0.9231824417009603,0.9986282578875172,0.9382716049382716,1.7091906721536352,0.6652949245541837
493,US-SD,South Dakota,2020-09-21,1488.0,191.0,,0.9547325102880658,,1.1673525377229081,1.1673525377229081,1.8957475994513031,,0.7887517146776406,0.9711934156378601,1.3347050754458163,0.7434842249657064,1.1220850480109739,1.8052126200274348,0.9410150891632374
570,US-WY,Wyoming,2020-01-06,,,,1.2144082332761579,,1.1938250428816466,,,1.783876500857633,1.0291595197255574,,,,,,1.4888507718696398
571,US-WY,Wyoming,2020-01-13,,,,1.0428816466552315,,,1.0222984562607205,,1.228130360205832,,0.8336192109777016,,,0.9777015437392796,,1.4991423670668953
572,US-WY,Wyoming,2020-01-20,,,,,,1.5746140651801028,1.3413379073756433,0.8816466552315608,1.8250428816466553,,1.1526586620926242,,,,,1.2590051457975986
573,US-WY,Wyoming,2020-01-27,,,,1.0840480274442539,,1.1663807890222984,1.588336192109777,1.1457975986277873,1.7873070325900515,,,,,,1.385934819897084,1.4476843910806174
574,US-WY,Wyoming,2020-02-03,,,,0.8507718696397941,,1.1663807890222984,0.8713550600343053,1.3447684391080617,1.5231560891938252,,,0.9296740994854202,,,1.423670668953688,1.7221269296740993
575,US-WY,Wyoming,2020-02-10,,,,,,1.234991423670669,0.9090909090909091,1.032590051457976,2.1029159519725558,1.5986277873070327,,,,,1.053173241852487,1.1732418524871355
576,US-WY,Wyoming,2020-02-17,,,,1.2795883361921097,,1.4614065180102915,,1.0943396226415094,1.7873070325900515,1.4202401372212692,,,,,0.8919382504288165,1.7461406518010292
577,US-WY,Wyoming,2020-02-24,,,1.032590051457976,1.7907375643224699,,1.1732418524871355,1.392795883361921,1.3310463121783875,1.9897084048027442,,,,,1.4133790737564322,1.053173241852487,2.0686106346483704
578,US-WY,Wyoming,2020-03-02,,,0.902229845626072,0.9433962264150944,0.981132075471698,1.3619210977701544,1.0017152658662092,1.8627787307032588,2.404802744425386,,,,,1.3241852487135506,0.9639794168096055,1.8250428816466553
579,US-WY,Wyoming,2020-03-09,,,,1.1560891938250428,,1.0943396226415094,0.8404802744425387,1.1938250428816466,1.9965694682675816,,,,1.2933104631217838,,0.8027444253859347,3.015437392795883
580,US-WY,Wyoming,2020-03-16,,,,1.2075471698113207,1.2692967409948543,1.4922813036020581,,0.967409948542024,1.471698113207547,,,,1.732418524871355,,,3.2830188679245285
581,US-WY,Wyoming,2020-03-23,17.0,17.0,,,1.300171526586621,1.0840480274442539,,2.967409948542024,1.0463121783876501,,,1.125214408233276,1.588336192109777,,,2.8507718696397943
582,US-WY,Wyoming,2020-03-30,23.0,6.0,,0.7718696397941681,,0.7512864493996569,,,1.090909090909091,,0.9982847341337908,,1.183533447684391,,,1.8627787307032588
583,US-WY,Wyoming,2020-04-06,41.0,18.0,,,1.1801029159519725,,,1.0497427101200687,,0.7478559176672385,,,1.012006861063465,,0.8987993138936535,
584,US-WY,Wyoming,2020-04-13,51.0,10.0,,,,,0.7444253859348199,1.4511149228130362,0.8885077186963979,,0.8885077186963979,1.0874785591766722,,,,1.3756432246998285
585,US-WY,Wyoming,2020-04-20,54.0,3.0,,,,1.6912521440823327,,1.8799313893653518,0.8267581475128646,,,1.0360205831903946,0.7512864493996569,0.902229845626072,0.8096054888507718,
586,US-WY,Wyoming,2020-04-27,60.0,6.0,,,,,1.169811320754717,0.9777015437392796,,,,,0.9193825042881647,0.8644939965694682,,
587,US-WY,Wyoming,2020-05-04,66.0,6.0,1.183533447684391,,,0.8713550600343053,0.8919382504288165,1.1423670668953687,,,,,,,,
588,US-WY,Wyoming,2020-05-11,73.0,7.0,,,,,,1.0737564322469981,,,,,,,0.9365351629502573,
589,US-WY,Wyoming,2020-05-18,79.0,6.0,,,,,,,,,,1.1114922813036021,,,0.9502572898799314,
590,US-WY,Wyoming,2020-05-25,86.0,7.0,,,,,0.830188679245283,,,,,,,,,
591,US-WY,Wyoming,2020-06-01,91.0,5.0,,,1.0874785591766722,0.8816466552315608,0.902229845626072,,,,,0.8404802744425387,,0.8816466552315608,0.8404802744425387,
592,US-WY,Wyoming,2020-06-08,93.0,2.0,,,,,0.902229845626072,,,0.8404802744425387,,1.1869639794168096,,,,
593,US-WY,Wyoming,2020-06-15,105.0,12.0,0.9365351629502573,,,,,,,,,0.9365351629502573,,,,
594,US-WY,Wyoming,2020-06-22,112.0,7.0,,,,0.9056603773584906,,,,0.9879931389365351,,,,,1.0668953687821612,
595,US-WY,Wyoming,2020-06-29,119.0,7.0,,,1.3790737564322468,,,,,,,,,,,
596,US-WY,Wyoming,2020-07-06,124.0,5.0,,,,,1.16295025728988,0.7890222984562606,,,,,,0.8885077186963979,0.9845626072041167,
597,US-WY,Wyoming,2020-07-13,144.0,20.0,,,,,0.8233276157804459,,,,,,,,1.0188679245283019,
598,US-WY,Wyoming,2020-07-20,158.0,14.0,,,,,,,,,,,,,0.8061749571183534,
599,US-WY,Wyoming,2020-07-27,167.0,9.0,1.1012006861063464,,,0.9845626072041167,0.9639794168096055,,,,,,,0.8267581475128646,,
600,US-WY,Wyoming,2020-08-03,179.0,12.0,,,,,0.9605488850771869,,,,,1.0188679245283019,,0.8233276157804459,,
601,US-WY,Wyoming,2020-08-10,195.0,16.0,,,,,1.3687821612349915,,,,,0.9399656946826759,1.0188679245283019,,0.8816466552315608,
602,US-WY,Wyoming,2020-08-17,211.0,16.0,,,,,0.9433962264150944,,,,,,,0.830188679245283,,
603,US-WY,Wyoming,2020-08-24,215.0,4.0,,,0.8713550600343053,,1.1560891938250428,,,0.8919382504288165,0.8130360205831905,,,,0.8507718696397941,
604,US-WY,Wyoming,2020-08-31,219.0,4.0,,,,0.9777015437392796,0.9193825042881647,,,,,0.902229845626072,0.9948542024013721,,,
605,US-WY,Wyoming,2020-09-07,230.0,11.0,0.7718696397941681,,1.1526586620926242,0.9433962264150944,1.0017152658662092,0.8679245283018867,,,,,0.7547169811320755,,,
606,US-WY,Wyoming,2020-09-14,247.0,17.0,,,,,1.0874785591766722,,0.7512864493996569,,0.7684391080617496,0.8439108061749571,,0.9193825042881647,,
607,US-WY,Wyoming,2020-09-21,264.0,17.0,,,0.8644939965694682,0.8644939965694682,1.2212692967409948,1.5025728987993139,,0.8267581475128646,0.7512864493996569,,,,1.1080617495711835,
