,open_covid_region_code,sub_region_1,date,hospitalized_cumulative,hospitalized_new,symptom:Angular cheilitis,symptom:Aphonia,symptom:Burning Chest Pain,symptom:Crackles,symptom:Dysautonomia,symptom:Hemolysis,symptom:Laryngitis,symptom:Myoclonus,symptom:Polydipsia,symptom:Rectal pain,symptom:Shallow breathing,symptom:Urinary urgency,symptom:Ventricular fibrillation,symptom:Viral pneumonia
114,US-HI,Hawaii,2020-01-06,,,27.0,46.41,,25.88,,,76.23,,,,21.94,,,33.76
115,US-HI,Hawaii,2020-01-13,,,39.23,41.49,,31.89,,,69.43,,,,22.3,,,41.77
116,US-HI,Hawaii,2020-01-20,,,30.74,49.13,,32.18,,,69.25,,,,25.86,,,47.41
117,US-HI,Hawaii,2020-01-27,,,36.28,46.76,,24.66,,,61.78,,,,23.81,,,53.56
118,US-HI,Hawaii,2020-02-03,,,44.65,60.0,,20.76,,,81.62,,,,27.02,,,39.81
119,US-HI,Hawaii,2020-02-10,,,39.15,51.81,,38.28,,,86.06,,,,26.48,,,46.34
120,US-HI,Hawaii,2020-02-17,,,38.27,60.13,,28.77,,,91.49,,,,18.13,,,53.8
121,US-HI,Hawaii,2020-02-24,,,36.88,46.52,,34.33,,,82.55,,,,24.11,,,56.74
122,US-HI,Hawaii,2020-03-02,,,33.69,54.93,,29.73,,,91.45,,,,29.16,,,69.65
123,US-HI,Hawaii,2020-03-09,,,32.41,64.27,,31.58,,,79.22,,,,49.58,,,100.0
124,US-HI,Hawaii,2020-03-16,,,28.68,50.26,,37.77,,,84.34,,,,83.77,,,88.6
125,US-HI,Hawaii,2020-03-23,12.0,12.0,31.62,36.37,,42.81,,,57.92,,,,73.87,,,70.51
126,US-HI,Hawaii,2020-03-30,21.0,9.0,39.39,28.45,,36.11,,,39.67,,,,60.19,,,46.78
127,US-HI,Hawaii,2020-04-06,44.0,23.0,36.26,23.07,,26.64,,,26.92,,,,44.5,,,28.57
128,US-HI,Hawaii,2020-04-13,52.0,8.0,47.51,23.21,,22.67,,,28.07,,,,42.11,,,14.04
129,US-HI,Hawaii,2020-04-20,68.0,16.0,31.97,17.34,,19.78,,,16.25,,,,34.13,,,24.92
130,US-HI,Hawaii,2020-04-27,73.0,5.0,37.96,22.0,,22.28,,,30.81,,,,30.53,,,22.83
131,US-HI,Hawaii,2020-05-04,81.0,8.0,38.03,,,18.46,,,17.34,,,,28.25,,,15.66
132,US-HI,Hawaii,2020-05-11,82.0,1.0,37.09,16.99,,24.35,,,24.07,,,,31.71,,,
133,US-HI,Hawaii,2020-05-18,84.0,2.0,27.92,,,26.48,,,24.47,,,,22.45,,,
134,US-HI,Hawaii,2020-05-25,83.0,-1.0,46.53,20.45,,20.45,,,17.78,,,,36.16,,,
135,US-HI,Hawaii,2020-06-01,84.0,1.0,27.99,14.29,,22.93,,,19.36,,,,25.91,,,
136,US-HI,Hawaii,2020-06-08,91.0,7.0,34.94,13.62,,26.35,,,21.91,,,,29.31,,,17.47
137,US-HI,Hawaii,2020-06-15,97.0,6.0,37.62,15.82,,26.57,,,13.73,,,,29.56,,,18.21
138,US-HI,Hawaii,2020-06-22,111.0,14.0,30.68,19.55,,16.24,,,22.86,,,,34.89,,,
139,US-HI,Hawaii,2020-06-29,118.0,7.0,26.87,20.46,,14.96,,,24.73,,,,31.45,,,
140,US-HI,Hawaii,2020-07-06,125.0,7.0,22.45,21.55,,22.45,,,28.74,,,,35.62,,,18.56
141,US-HI,Hawaii,2020-07-13,150.0,25.0,36.8,22.73,,24.83,,,25.13,,,,37.09,,,17.95
142,US-HI,Hawaii,2020-07-20,163.0,13.0,30.39,24.78,,18.29,,,19.18,,,,41.01,,,16.52
143,US-HI,Hawaii,2020-07-27,199.0,36.0,28.5,25.8,,28.5,,,16.5,,,,33.0,,,14.1
144,US-HI,Hawaii,2020-08-03,239.0,40.0,40.95,32.11,,15.91,,,35.06,,,,34.47,,,
145,US-HI,Hawaii,2020-08-10,283.0,44.0,29.11,16.3,,21.83,,,23.58,,,,29.69,,,
146,US-HI,Hawaii,2020-08-17,396.0,113.0,36.2,17.4,,22.73,,,19.36,,,,36.2,,,19.93
147,US-HI,Hawaii,2020-08-24,505.0,109.0,29.67,27.25,,22.39,,,17.53,,,,20.5,,,11.33
148,US-HI,Hawaii,2020-08-31,597.0,92.0,33.4,23.35,,28.79,,,23.62,,,,39.92,,,13.04
149,US-HI,Hawaii,2020-09-07,636.0,39.0,31.86,16.07,,31.59,,,14.16,,,,28.05,,,18.52
150,US-HI,Hawaii,2020-09-14,730.0,94.0,30.14,23.35,,22.54,,,21.99,,,,33.13,,,
151,US-HI,Hawaii,2020-09-21,816.0,86.0,34.62,22.36,,25.63,,,28.08,,,,36.26,,,14.99
152,US-ID,Idaho,2020-01-06,,,,31.24,,,,,,,,,,,,52.27
153,US-ID,Idaho,2020-01-13,,,,35.03,,,,,,,,,,,,44.67
154,US-ID,Idaho,2020-01-20,,,,28.5,,,,,,,,,,,,51.09
155,US-ID,Idaho,2020-01-27,,,,30.77,,,,,,,,,,,,47.71
156,US-ID,Idaho,2020-02-03,,,,31.59,,,,,,,,,,,,48.53
157,US-ID,Idaho,2020-02-10,,,,33.57,,,,,,,,,,,,48.4
158,US-ID,Idaho,2020-02-17,,,,32.32,,,,,,,,,,,,55.38
159,US-ID,Idaho,2020-02-24,,,,31.39,,,,,,,,,,,,58.76
160,US-ID,Idaho,2020-03-02,,,,39.68,,,,,,,,,,,,62.2
161,US-ID,Idaho,2020-03-09,,,,42.41,,,,,,,,,,,,100.0
162,US-ID,Idaho,2020-03-16,,,,35.39,,,,,,,,,,,,95.86
163,US-ID,Idaho,2020-03-23,39.0,39.0,,24.71,,,,,,,,,,,,68.63
164,US-ID,Idaho,2020-03-30,77.0,38.0,,18.95,,,,,,,,,,,,50.91
165,US-ID,Idaho,2020-04-06,132.0,55.0,,17.13,,,,,,,,,,,,34.62
166,US-ID,Idaho,2020-04-13,151.0,19.0,,16.04,,,,,,,,,,,,24.69
167,US-ID,Idaho,2020-04-20,169.0,18.0,,16.7,,,,,,,,,,,,20.37
168,US-ID,Idaho,2020-04-27,200.0,31.0,,12.8,,,,,,,,,,,,13.35
169,US-ID,Idaho,2020-05-04,207.0,7.0,,14.23,,,,,,,,,,,,12.71
170,US-ID,Idaho,2020-05-11,213.0,6.0,,12.54,,,,,,,,,,,,13.86
171,US-ID,Idaho,2020-05-18,225.0,12.0,,15.66,,,,,,,,,,,,12.57
172,US-ID,Idaho,2020-05-25,242.0,17.0,,15.32,,,,,,,,,,,,13.51
173,US-ID,Idaho,2020-06-01,260.0,18.0,,14.34,,,,,,,,,,,,8.16
174,US-ID,Idaho,2020-06-08,266.0,6.0,,,,,,,,,,,,,,8.53
175,US-ID,Idaho,2020-06-15,283.0,17.0,,13.52,,,,,,,,,,,,10.29
176,US-ID,Idaho,2020-06-22,312.0,29.0,,22.95,,,,,,,,,,,,10.87
177,US-ID,Idaho,2020-06-29,369.0,57.0,,18.34,,,,,,,,,,,,16.07
178,US-ID,Idaho,2020-07-06,477.0,108.0,,18.29,,,,,,,,,,,,20.08
179,US-ID,Idaho,2020-07-13,600.0,123.0,,13.77,,,,,,,,,,,,16.97
180,US-ID,Idaho,2020-07-20,741.0,141.0,,19.13,,,,,,,,,,,,15.1
181,US-ID,Idaho,2020-07-27,874.0,133.0,,18.91,,,,,,,,,,,,18.51
182,US-ID,Idaho,2020-08-03,999.0,125.0,,21.68,,,,,,,,,,,,16.46
183,US-ID,Idaho,2020-08-10,1110.0,111.0,,14.0,,,,,,,,,,,,9.4
184,US-ID,Idaho,2020-08-17,1256.0,146.0,,14.84,,,,,,,,,,,,12.34
185,US-ID,Idaho,2020-08-24,1369.0,113.0,,14.79,,,,,,,,,,,,14.23
186,US-ID,Idaho,2020-08-31,1466.0,97.0,,19.18,,,,,,,,,,,,15.42
187,US-ID,Idaho,2020-09-07,1604.0,138.0,,18.24,,,,,,,,,,,,13.27
188,US-ID,Idaho,2020-09-14,1718.0,114.0,,13.7,,,,,,,,,,,,16.01
189,US-ID,Idaho,2020-09-21,1814.0,96.0,,15.97,,,,,,,,,,,,19.24
190,US-ME,Maine,2020-01-06,,,24.42,22.64,16.17,26.68,25.87,18.76,43.34,21.18,13.26,16.66,9.38,20.05,21.83,36.87
191,US-ME,Maine,2020-01-13,,,15.41,26.28,7.62,21.25,34.23,17.36,42.5,19.14,16.22,19.47,6.97,19.95,22.22,34.88
192,US-ME,Maine,2020-01-20,,,22.22,23.04,10.62,30.88,36.28,17.16,44.12,21.08,17.81,19.45,8.99,21.24,27.78,40.36
193,US-ME,Maine,2020-01-27,,,24.51,20.67,12.82,28.36,34.28,33.48,35.08,19.06,24.35,26.91,12.02,19.38,22.59,39.25
194,US-ME,Maine,2020-02-03,,,19.75,19.43,13.81,30.67,23.12,19.59,44.0,26.98,15.74,29.07,12.53,18.63,27.14,36.61
195,US-ME,Maine,2020-02-10,,,20.37,20.37,12.94,26.84,27.81,19.56,43.82,18.43,15.2,16.98,12.45,19.4,26.03,33.63
196,US-ME,Maine,2020-02-17,,,20.88,24.98,13.18,30.29,23.95,24.13,45.86,25.84,20.53,24.47,12.49,21.22,23.44,34.39
197,US-ME,Maine,2020-02-24,,,18.74,28.91,14.93,30.81,27.8,24.78,40.34,19.38,14.93,24.78,13.66,23.98,25.25,39.55
198,US-ME,Maine,2020-03-02,,,16.51,25.71,13.02,31.27,35.56,20.32,44.13,21.75,16.67,22.38,12.38,19.05,22.22,40.32
199,US-ME,Maine,2020-03-09,,,12.78,24.01,16.84,23.85,24.16,15.59,41.62,13.87,13.56,18.71,26.34,17.61,20.58,75.14
200,US-ME,Maine,2020-03-16,,,15.25,25.47,23.03,26.08,23.64,19.37,36.91,16.32,12.05,12.66,34.47,11.59,13.73,61.77
201,US-ME,Maine,2020-03-23,49.0,49.0,14.03,18.27,18.41,35.22,20.9,45.16,27.18,14.03,13.59,17.1,29.81,12.57,18.7,35.51
202,US-ME,Maine,2020-03-30,92.0,43.0,11.92,12.49,24.27,23.98,15.47,20.86,18.73,17.6,18.73,14.19,30.79,16.18,14.05,27.96
203,US-ME,Maine,2020-04-06,124.0,32.0,13.76,13.17,18.0,21.51,13.03,21.51,19.76,19.76,17.71,18.0,25.17,12.44,15.07,19.61
204,US-ME,Maine,2020-04-13,138.0,14.0,19.78,13.81,17.36,16.94,16.94,20.78,12.24,22.91,16.94,15.23,21.63,17.51,15.66,16.08
205,US-ME,Maine,2020-04-20,161.0,23.0,18.08,9.99,16.9,20.29,18.23,19.84,17.05,19.99,14.11,18.82,20.29,17.05,10.88,11.76
206,US-ME,Maine,2020-04-27,186.0,25.0,16.65,8.18,14.5,16.51,18.23,19.67,13.49,17.08,16.51,16.8,14.21,15.36,15.36,10.34
207,US-ME,Maine,2020-05-04,200.0,14.0,17.89,13.85,14.57,23.08,19.33,22.22,15.15,16.45,12.55,19.04,17.89,18.75,14.28,10.1
208,US-ME,Maine,2020-05-11,223.0,23.0,17.78,12.05,16.46,12.05,18.22,14.26,8.82,12.49,14.26,19.4,17.34,14.99,8.96,6.91
209,US-ME,Maine,2020-05-18,257.0,34.0,15.82,6.84,12.47,12.62,20.53,13.54,8.82,20.68,15.21,17.95,14.6,12.62,14.3,6.24
210,US-ME,Maine,2020-05-25,284.0,27.0,14.24,11.4,9.75,9.75,20.69,17.84,6.6,15.59,11.1,18.44,13.95,17.54,14.99,
211,US-ME,Maine,2020-06-01,301.0,17.0,15.12,9.93,12.45,10.08,20.31,13.64,12.75,16.46,11.42,17.64,12.9,15.72,13.94,6.38
212,US-ME,Maine,2020-06-08,317.0,16.0,13.55,9.49,11.45,15.36,26.05,13.1,10.84,21.38,9.79,17.77,12.8,15.66,27.41,
213,US-ME,Maine,2020-06-15,336.0,19.0,14.3,9.38,9.23,13.22,25.52,13.99,14.61,17.53,10.61,21.83,13.22,17.84,26.6,6.46
214,US-ME,Maine,2020-06-22,347.0,11.0,6.58,7.32,14.2,15.69,11.51,8.37,12.85,23.76,14.95,19.88,15.54,19.28,24.21,
215,US-ME,Maine,2020-06-29,359.0,12.0,17.2,12.79,18.52,11.03,26.76,13.53,10.0,17.94,13.53,18.08,13.82,19.85,18.38,7.06
216,US-ME,Maine,2020-07-06,372.0,13.0,19.84,10.21,15.1,14.23,22.43,13.66,17.97,16.54,15.53,18.12,16.68,17.68,17.97,6.9
217,US-ME,Maine,2020-07-13,375.0,3.0,16.05,13.45,15.76,10.85,27.19,15.04,12.15,18.95,14.03,19.23,15.04,19.23,18.37,7.09
218,US-ME,Maine,2020-07-20,383.0,8.0,20.58,13.62,13.33,12.17,31.01,15.65,15.51,20.0,14.2,22.03,16.52,17.25,17.68,5.94
219,US-ME,Maine,2020-07-27,389.0,6.0,23.29,16.15,15.72,12.43,31.43,12.57,13.86,23.57,15.43,12.43,15.57,15.29,15.86,8.29
220,US-ME,Maine,2020-08-03,393.0,4.0,9.86,11.57,13.0,9.29,30.57,13.14,14.0,21.14,12.43,20.0,15.0,18.0,17.57,
221,US-ME,Maine,2020-08-10,399.0,6.0,19.09,7.55,14.39,16.67,31.63,16.1,13.53,20.66,10.54,22.08,15.53,14.96,11.11,8.26
222,US-ME,Maine,2020-08-17,409.0,10.0,19.85,13.14,11.99,12.85,24.99,13.14,16.99,19.7,10.71,19.42,15.42,16.56,12.99,7.14
223,US-ME,Maine,2020-08-24,420.0,11.0,22.17,9.26,15.16,14.6,27.09,15.44,15.86,16.0,13.47,20.21,14.74,17.68,14.31,
224,US-ME,Maine,2020-08-31,427.0,7.0,20.0,8.79,12.91,14.61,23.69,14.18,12.91,17.3,15.74,15.32,12.77,18.86,19.71,8.51
225,US-ME,Maine,2020-09-07,431.0,4.0,20.93,7.95,15.9,19.25,28.32,20.93,12.97,18.14,16.74,20.23,12.84,18.42,21.9,
226,US-ME,Maine,2020-09-14,440.0,9.0,24.98,9.16,14.57,19.84,18.59,33.44,19.7,16.37,18.04,21.65,16.51,21.79,18.73,6.11
227,US-ME,Maine,2020-09-21,446.0,6.0,20.27,11.66,16.8,16.66,30.68,27.91,12.08,22.63,19.72,19.16,13.75,19.99,17.36,7.91
228,US-MT,Montana,2020-01-06,,,10.97,10.72,6.68,11.6,12.49,8.96,20.94,9.46,8.83,9.21,,11.6,8.45,15.89
229,US-MT,Montana,2020-01-13,,,10.12,11.62,8.12,10.12,14.24,9.37,21.74,11.24,9.62,10.12,,7.5,11.37,12.74
230,US-MT,Montana,2020-01-20,,,7.45,10.48,5.56,13.13,14.02,12.0,22.35,13.64,6.82,10.48,7.7,11.62,10.73,22.48
231,US-MT,Montana,2020-01-27,,,6.73,15.32,6.73,16.32,10.46,14.08,19.56,10.71,7.72,5.23,5.48,9.22,9.59,14.7
232,US-MT,Montana,2020-02-03,,,13.02,11.41,5.33,14.26,13.52,14.76,24.18,10.29,6.82,12.9,5.21,8.56,13.64,16.25
233,US-MT,Montana,2020-02-10,,,6.51,11.64,6.38,14.77,13.52,14.39,18.77,9.89,6.13,7.01,8.01,9.89,11.51,21.9
234,US-MT,Montana,2020-02-17,,,9.05,14.96,5.91,13.45,23.75,12.57,23.0,7.92,9.18,8.67,8.17,6.66,15.33,20.36
235,US-MT,Montana,2020-02-24,,,10.2,11.69,7.34,14.93,14.06,10.82,20.52,9.21,8.21,11.69,6.09,10.7,9.7,22.27
236,US-MT,Montana,2020-03-02,,,8.3,11.53,,15.49,13.51,11.28,22.93,13.14,8.92,8.55,8.43,5.95,7.81,28.01
237,US-MT,Montana,2020-03-09,,,8.68,13.99,8.32,12.9,12.06,10.25,20.62,,8.08,9.89,11.82,7.12,8.56,32.2
238,US-MT,Montana,2020-03-16,,,6.74,13.23,11.11,13.61,8.49,10.11,20.47,,6.24,,18.85,9.86,,35.33
239,US-MT,Montana,2020-03-23,10.0,10.0,,8.71,12.19,16.83,8.82,26.59,12.77,8.47,5.11,6.62,15.67,6.38,6.85,22.17
240,US-MT,Montana,2020-03-30,24.0,14.0,6.89,5.87,11.52,12.2,8.13,10.95,9.71,9.15,8.58,7.34,12.08,,8.13,18.97
241,US-MT,Montana,2020-04-06,47.0,23.0,7.21,5.82,9.3,9.65,8.49,9.89,11.52,9.77,7.21,7.33,7.79,7.91,6.75,12.79
242,US-MT,Montana,2020-04-13,57.0,10.0,5.08,5.64,6.54,8.46,10.94,13.2,8.91,8.35,10.38,10.6,6.77,5.98,7.9,9.93
243,US-MT,Montana,2020-04-20,61.0,4.0,8.76,,8.88,7.59,8.53,9.93,8.29,,7.59,8.88,8.06,9.46,9.7,8.29
244,US-MT,Montana,2020-04-27,62.0,1.0,8.55,5.11,10.34,8.55,7.37,8.67,6.54,8.32,7.01,10.46,6.77,9.03,5.94,5.11
245,US-MT,Montana,2020-05-04,62.0,0.0,,5.88,8.51,7.67,12.95,8.75,7.55,5.16,6.0,8.87,7.07,6.71,9.11,5.04
246,US-MT,Montana,2020-05-11,64.0,2.0,5.74,,6.93,7.65,8.49,7.17,5.38,7.53,5.26,10.04,,6.1,12.43,6.1
247,US-MT,Montana,2020-05-18,65.0,1.0,7.47,,5.15,7.35,10.91,7.6,5.64,8.7,5.76,10.78,6.25,6.5,6.74,
248,US-MT,Montana,2020-05-25,67.0,2.0,9.43,,6.5,6.88,12.74,8.79,5.35,8.66,6.24,8.92,7.64,6.5,10.06,
249,US-MT,Montana,2020-06-01,69.0,2.0,5.72,,7.84,7.09,9.7,9.08,7.71,7.71,6.72,8.09,,7.21,8.09,
250,US-MT,Montana,2020-06-08,78.0,9.0,7.47,8.34,6.97,,10.7,12.44,5.72,7.71,,8.96,,10.08,9.33,
251,US-MT,Montana,2020-06-15,90.0,12.0,7.62,,6.49,6.49,9.24,,5.99,8.24,5.12,9.99,,8.11,10.24,5.12
252,US-MT,Montana,2020-06-22,100.0,10.0,8.49,,10.23,5.87,11.23,7.36,5.24,8.74,9.61,,7.49,7.49,9.36,
253,US-MT,Montana,2020-06-29,112.0,12.0,6.72,5.96,6.21,6.72,10.01,7.73,7.6,9.12,7.86,8.74,5.96,15.46,9.25,5.58
254,US-MT,Montana,2020-07-06,133.0,21.0,10.77,5.44,7.86,7.14,12.1,7.26,7.62,7.62,5.32,7.99,5.69,11.49,10.04,5.2
255,US-MT,Montana,2020-07-13,167.0,34.0,7.0,,8.57,7.0,8.45,5.43,9.66,5.67,5.8,9.42,9.9,11.47,8.09,6.16
256,US-MT,Montana,2020-07-20,201.0,34.0,8.74,6.07,6.55,5.82,11.04,8.25,,6.43,10.07,7.89,7.89,8.13,8.86,
257,US-MT,Montana,2020-07-27,236.0,35.0,7.5,7.74,6.41,5.69,12.1,6.66,7.02,7.5,7.26,11.13,6.9,7.62,7.02,
258,US-MT,Montana,2020-08-03,273.0,37.0,7.84,,7.36,4.95,10.13,5.31,7.12,10.49,6.88,8.32,6.39,7.48,6.63,
259,US-MT,Montana,2020-08-10,330.0,57.0,7.71,,10.97,5.54,14.95,6.75,7.11,9.76,5.91,10.85,6.99,9.76,7.71,
260,US-MT,Montana,2020-08-17,383.0,53.0,9.39,5.75,5.04,,11.85,4.81,5.98,8.45,7.51,8.21,6.1,8.92,5.75,
261,US-MT,Montana,2020-08-24,436.0,53.0,5.76,5.53,8.76,7.03,11.41,6.11,6.22,7.03,6.68,10.02,4.84,10.83,10.95,
262,US-MT,Montana,2020-08-31,498.0,62.0,7.88,8.68,10.39,5.02,10.85,11.3,4.79,10.73,8.11,8.11,4.79,14.61,9.71,6.28
263,US-MT,Montana,2020-09-07,531.0,33.0,8.35,6.77,6.2,11.96,12.18,11.5,7.33,,6.77,8.68,4.96,7.78,8.91,4.85
264,US-MT,Montana,2020-09-14,576.0,45.0,7.68,7.9,6.91,8.67,9.77,11.74,7.02,9.88,6.8,7.46,4.39,11.41,10.21,
265,US-MT,Montana,2020-09-21,698.0,122.0,9.4,8.06,8.5,10.85,11.41,12.42,4.92,8.84,7.94,12.08,5.82,10.4,12.31,
266,US-ND,North Dakota,2020-01-06,,,5.71,6.0,4.72,,6.99,,13.88,5.51,4.33,9.45,,6.0,,12.01
267,US-ND,North Dakota,2020-01-13,,,,4.34,4.62,5.57,7.36,6.32,10.19,,4.91,6.89,,7.65,10.01,10.29
268,US-ND,North Dakota,2020-01-20,,,4.76,8.36,4.47,10.7,5.25,6.03,12.54,4.28,6.22,5.15,5.54,5.35,7.58,12.06
269,US-ND,North Dakota,2020-01-27,,,7.04,7.62,4.47,7.33,5.52,6.76,11.71,6.28,7.14,4.38,6.28,7.04,9.04,13.14
270,US-ND,North Dakota,2020-02-03,,,5.46,8.43,5.27,11.3,5.17,6.89,13.5,7.47,6.32,5.84,,6.99,6.7,10.91
271,US-ND,North Dakota,2020-02-10,,,4.94,6.39,,7.26,9.97,9.01,10.65,6.1,5.81,5.33,,10.17,8.52,12.59
272,US-ND,North Dakota,2020-02-17,,,4.39,10.53,6.43,12.97,,11.41,15.5,7.99,7.21,6.73,,6.73,7.7,11.41
273,US-ND,North Dakota,2020-02-24,,,4.56,7.32,5.89,8.93,6.27,9.98,12.07,6.08,4.09,7.22,6.56,6.37,6.46,12.35
274,US-ND,North Dakota,2020-03-02,0.0,0.0,7.06,7.34,,9.25,10.97,10.97,13.54,,,6.39,,5.05,7.53,13.45
275,US-ND,North Dakota,2020-03-09,0.0,0.0,,7.56,4.16,7.93,5.95,6.42,14.45,6.8,6.99,6.42,3.78,7.27,5.76,19.17
276,US-ND,North Dakota,2020-03-16,4.0,4.0,4.38,4.38,7.39,9.24,6.13,9.54,12.84,,4.67,7.49,10.9,6.13,6.62,18.58
277,US-ND,North Dakota,2020-03-23,19.0,15.0,4.8,5.91,5.26,11.17,6.0,18.37,10.52,4.89,4.89,6.74,11.26,5.72,4.52,13.76
278,US-ND,North Dakota,2020-03-30,32.0,13.0,,3.7,7.66,9.86,3.96,11.18,7.48,3.87,6.25,4.4,9.6,5.37,5.9,11.09
279,US-ND,North Dakota,2020-04-06,40.0,8.0,3.98,,6.43,7.42,,9.6,,4.71,4.17,3.71,6.25,6.43,7.7,6.25
280,US-ND,North Dakota,2020-04-13,53.0,13.0,3.91,,6.14,6.31,5.96,10.14,,5.07,4.8,4.62,6.31,5.6,4.36,8.0
281,US-ND,North Dakota,2020-04-20,77.0,24.0,,3.94,4.58,8.42,,7.6,,5.4,4.49,5.22,7.23,5.95,6.32,5.49
282,US-ND,North Dakota,2020-04-27,94.0,17.0,4.5,,5.62,4.69,5.81,7.12,,9.0,6.56,6.94,,7.22,5.62,5.53
283,US-ND,North Dakota,2020-05-04,115.0,21.0,,,4.52,4.43,,9.59,,5.07,4.89,5.44,5.81,4.33,4.52,
284,US-ND,North Dakota,2020-05-11,133.0,18.0,,,6.77,5.34,4.29,6.58,6.39,4.1,6.77,6.68,5.82,5.82,4.96,5.15
285,US-ND,North Dakota,2020-05-18,154.0,21.0,4.89,,4.69,4.48,5.81,4.28,4.89,5.3,,6.11,5.2,,,
286,US-ND,North Dakota,2020-05-25,169.0,15.0,4.2,,6.2,6.62,4.62,,,,,6.2,,4.73,4.2,
287,US-ND,North Dakota,2020-06-01,184.0,15.0,5.56,,4.84,5.66,,,,4.33,5.25,6.49,5.05,,7.62,
288,US-ND,North Dakota,2020-06-08,197.0,13.0,5.1,,4.08,6.02,5.81,4.28,5.3,5.2,,4.79,7.75,5.0,7.65,
289,US-ND,North Dakota,2020-06-15,218.0,21.0,5.21,,4.58,6.98,5.21,,4.48,6.77,5.21,4.69,5.62,4.38,4.27,
290,US-ND,North Dakota,2020-06-22,227.0,9.0,4.72,,7.44,,,5.76,4.3,5.14,4.72,4.61,,7.02,7.23,
291,US-ND,North Dakota,2020-06-29,245.0,18.0,,,,,,,,4.54,,,,6.08,6.19,
292,US-ND,North Dakota,2020-07-06,277.0,32.0,4.17,,,,4.91,,4.7,6.89,4.49,6.26,7.62,6.99,4.8,
293,US-ND,North Dakota,2020-07-13,305.0,28.0,5.37,4.13,4.64,,4.13,5.99,5.68,4.85,4.75,5.37,4.75,5.68,5.37,
294,US-ND,North Dakota,2020-07-20,337.0,32.0,,,6.02,5.09,5.82,5.82,5.09,4.98,6.02,5.71,,5.5,6.23,
295,US-ND,North Dakota,2020-07-27,379.0,42.0,5.78,,,4.62,8.3,,5.25,5.25,5.36,5.46,4.83,8.41,4.83,
296,US-ND,North Dakota,2020-08-03,417.0,38.0,5.59,,5.38,6.93,5.9,4.24,,,,6.31,4.66,4.66,5.59,
297,US-ND,North Dakota,2020-08-10,461.0,44.0,,,5.36,6.08,8.55,5.15,5.46,4.94,,6.38,5.15,6.69,5.46,
298,US-ND,North Dakota,2020-08-17,505.0,44.0,4.53,,5.53,4.03,5.63,,5.23,4.13,4.33,5.74,5.03,5.13,4.53,
299,US-ND,North Dakota,2020-08-24,554.0,49.0,,,,4.93,7.58,4.55,4.74,6.07,5.21,5.97,5.21,7.11,4.46,
300,US-ND,North Dakota,2020-08-31,602.0,48.0,5.39,,,7.28,5.2,8.8,,6.24,6.34,5.49,4.16,6.81,6.15,
301,US-ND,North Dakota,2020-09-07,646.0,44.0,5.18,,7.03,6.94,7.68,10.45,7.86,4.35,5.46,10.73,4.44,5.64,6.01,4.35
302,US-ND,North Dakota,2020-09-14,730.0,84.0,,,4.52,8.94,7.95,8.94,4.06,6.5,5.69,5.51,4.52,6.95,10.66,5.78
303,US-ND,North Dakota,2020-09-21,828.0,98.0,5.6,4.07,7.59,6.6,5.96,8.77,4.88,,,6.42,6.42,7.05,7.95,6.05
304,US-NE,Nebraska,2020-01-06,,,,67.45,,,,,,,,,,,,
305,US-NE,Nebraska,2020-01-13,,,,71.33,,,,,,,,,,,,
306,US-NE,Nebraska,2020-01-20,,,,60.97,,,,,,,,,,,,
307,US-NE,Nebraska,2020-01-27,,,,79.88,,,,,,,,,,,,
308,US-NE,Nebraska,2020-02-03,,,,97.35,,,,,,,,,,,,
309,US-NE,Nebraska,2020-02-10,,,,75.83,,,,,,,,,,,,
310,US-NE,Nebraska,2020-02-17,,,,78.06,,,,,,,,,,,,
311,US-NE,Nebraska,2020-02-24,,,,70.58,,,,,,,,,,,,
312,US-NE,Nebraska,2020-03-02,,,,88.45,,,,,,,,,,,,
313,US-NE,Nebraska,2020-03-09,,,,86.85,,,,,,,,,,,,
314,US-NE,Nebraska,2020-03-16,,,,68.29,,,,,,,,,,,,
315,US-NE,Nebraska,2020-03-23,,,,40.36,,,,,,,,,,,,
316,US-NE,Nebraska,2020-03-30,,,,47.43,,,,,,,,,,,,
317,US-NE,Nebraska,2020-04-06,,,,29.94,,,,,,,,,,,,
318,US-NE,Nebraska,2020-04-13,,,,29.16,,,,,,,,,,,,
319,US-NE,Nebraska,2020-04-20,,,,33.62,,,,,,,,,,,,
320,US-NE,Nebraska,2020-04-27,,,,33.43,,,,,,,,,,,,
321,US-NE,Nebraska,2020-05-04,,,,36.5,,,,,,,,,,,,
322,US-NE,Nebraska,2020-05-11,,,,24.28,,,,,,,,,,,,
323,US-NE,Nebraska,2020-05-18,,,,32.63,,,,,,,,,,,,
324,US-NE,Nebraska,2020-05-25,,,,27.43,,,,,,,,,,,,
325,US-NE,Nebraska,2020-06-01,935.0,935.0,,40.49,,,,,,,,,,,,
326,US-NE,Nebraska,2020-06-08,1075.0,140.0,,35.03,,,,,,,,,,,,
327,US-NE,Nebraska,2020-06-15,1212.0,137.0,,33.36,,,,,,,,,,,,
328,US-NE,Nebraska,2020-06-22,1316.0,104.0,,35.72,,,,,,,,,,,,
329,US-NE,Nebraska,2020-06-29,1369.0,53.0,,37.95,,,,,,,,,,,,
330,US-NE,Nebraska,2020-07-06,1421.0,52.0,,38.13,,,,,,,,,,,,
331,US-NE,Nebraska,2020-07-13,1482.0,61.0,,43.16,,,,,,,,,,,,
332,US-NE,Nebraska,2020-07-20,1570.0,88.0,,39.27,,,,,,,,,,,,
333,US-NE,Nebraska,2020-07-27,1630.0,60.0,,46.36,,,,,,,,,,,,
334,US-NE,Nebraska,2020-08-03,1722.0,92.0,,40.07,,,,,,,,,,,,
335,US-NE,Nebraska,2020-08-10,1883.0,161.0,,35.84,,,,,,,,,,,,
336,US-NE,Nebraska,2020-08-17,1910.0,27.0,,30.66,,,,,,,,,,,,
337,US-NE,Nebraska,2020-08-24,1994.0,84.0,,39.98,,,,,,,,,,,,
338,US-NE,Nebraska,2020-08-31,2068.0,74.0,,41.52,,,,,,,,,,,,
339,US-NE,Nebraska,2020-09-07,2139.0,71.0,,33.18,,,,,,,,,,,,
340,US-NE,Nebraska,2020-09-14,2194.0,55.0,,42.21,,,,,,,,,,,,
341,US-NE,Nebraska,2020-09-21,2280.0,86.0,,43.88,,,,,,,,,,,,
342,US-NH,New Hampshire,2020-01-06,,,18.3,22.49,12.01,24.44,31.7,12.71,47.63,20.53,15.5,18.58,11.17,17.04,16.9,34.22
343,US-NH,New Hampshire,2020-01-13,,,18.56,22.61,12.0,21.21,37.54,13.81,39.91,21.63,15.63,21.21,9.63,18.42,19.68,40.05
344,US-NH,New Hampshire,2020-01-20,,,18.64,21.44,13.73,26.49,27.33,14.16,41.49,22.57,13.18,19.2,12.61,16.68,18.92,36.3
345,US-NH,New Hampshire,2020-01-27,,,17.9,24.65,11.15,29.47,30.71,11.98,42.27,20.38,18.45,22.58,14.87,19.28,21.07,41.72
346,US-NH,New Hampshire,2020-02-03,,,19.59,25.21,11.37,24.11,21.1,19.05,49.05,21.1,14.39,20.55,9.73,18.09,19.32,33.16
347,US-NH,New Hampshire,2020-02-10,,,21.37,22.2,15.3,26.2,23.16,18.89,46.46,17.65,16.55,21.92,10.62,22.06,27.57,31.43
348,US-NH,New Hampshire,2020-02-17,,,15.29,20.43,8.2,25.16,25.44,13.21,40.86,22.8,17.79,20.43,9.73,21.54,22.52,36.0
349,US-NH,New Hampshire,2020-02-24,,,18.15,19.36,11.19,23.44,22.69,30.7,40.23,26.77,17.39,22.39,15.88,16.94,21.48,35.7
350,US-NH,New Hampshire,2020-03-02,,,20.47,27.85,12.53,28.55,25.62,25.48,43.59,18.94,20.33,18.8,20.75,21.17,15.04,43.03
351,US-NH,New Hampshire,2020-03-09,,,14.52,26.71,13.01,24.24,25.88,20.0,40.54,15.06,15.34,15.34,25.47,17.26,18.9,65.33
352,US-NH,New Hampshire,2020-03-16,,,17.2,13.65,19.17,26.39,19.82,9.19,30.98,11.81,10.9,14.96,40.96,11.42,12.47,59.07
353,US-NH,New Hampshire,2020-03-23,45.0,45.0,17.58,11.76,22.16,24.64,20.68,41.1,22.66,19.44,12.01,13.74,34.67,14.11,18.82,36.03
354,US-NH,New Hampshire,2020-03-30,92.0,47.0,11.94,11.58,21.2,22.18,15.84,21.08,17.67,17.55,14.99,13.77,30.22,13.89,9.99,25.83
355,US-NH,New Hampshire,2020-04-06,152.0,60.0,17.4,,20.24,22.22,18.27,16.05,14.07,20.49,17.16,17.9,21.85,11.85,16.42,19.13
356,US-NH,New Hampshire,2020-04-13,198.0,46.0,16.07,8.94,20.18,16.8,15.23,20.3,13.42,17.65,14.75,16.07,19.46,13.9,17.65,11.6
357,US-NH,New Hampshire,2020-04-20,242.0,44.0,20.42,9.72,16.17,14.46,20.42,18.48,12.15,17.5,14.34,19.08,19.33,13.61,14.22,14.22
358,US-NH,New Hampshire,2020-04-27,286.0,44.0,17.37,6.37,16.74,15.99,11.87,23.24,10.5,17.74,14.37,20.24,15.74,14.37,15.99,15.99
359,US-NH,New Hampshire,2020-05-04,318.0,32.0,17.95,10.45,14.02,12.05,20.16,20.9,10.94,17.83,14.02,19.67,16.84,16.23,14.26,9.22
360,US-NH,New Hampshire,2020-05-11,359.0,41.0,12.88,9.63,15.88,11.25,21.13,10.88,9.88,14.0,13.25,16.25,13.38,8.13,17.63,8.88
361,US-NH,New Hampshire,2020-05-18,419.0,60.0,15.4,,12.16,15.14,15.01,11.26,11.26,19.92,14.1,19.28,19.66,15.78,19.54,6.34
362,US-NH,New Hampshire,2020-05-25,451.0,32.0,15.3,10.16,10.03,11.96,17.61,12.09,8.74,12.98,9.13,17.36,9.77,13.5,15.04,
363,US-NH,New Hampshire,2020-06-01,489.0,38.0,16.57,7.96,10.79,9.51,17.6,12.72,12.33,17.73,10.66,18.88,10.4,14.0,17.34,5.52
364,US-NH,New Hampshire,2020-06-08,519.0,30.0,16.02,9.06,8.93,9.72,25.87,15.23,10.51,15.89,11.69,16.68,13.27,16.02,16.15,
365,US-NH,New Hampshire,2020-06-15,553.0,34.0,13.08,11.86,12.54,14.29,22.51,14.42,8.09,17.52,11.86,17.93,11.59,15.5,14.56,6.07
366,US-NH,New Hampshire,2020-06-22,565.0,12.0,18.9,7.93,16.39,13.62,18.77,9.12,,21.81,12.43,24.72,14.67,13.88,14.94,
367,US-NH,New Hampshire,2020-06-29,570.0,5.0,14.08,8.98,12.87,8.98,20.65,11.53,11.0,20.52,9.79,18.91,11.94,16.5,16.63,6.84
368,US-NH,New Hampshire,2020-07-06,589.0,19.0,16.58,10.57,15.01,13.97,19.19,14.88,11.75,19.19,9.27,19.19,13.32,20.89,13.71,
369,US-NH,New Hampshire,2020-07-13,673.0,84.0,19.18,7.27,9.52,13.22,24.33,14.15,11.64,16.79,14.41,20.36,19.7,17.72,14.81,7.01
370,US-NH,New Hampshire,2020-07-20,688.0,15.0,14.35,12.09,13.15,11.83,28.04,14.88,13.29,26.31,10.1,19.8,14.09,19.53,18.87,7.17
371,US-NH,New Hampshire,2020-07-27,696.0,8.0,16.41,12.84,13.37,12.04,29.25,10.85,15.35,19.19,18.0,15.62,14.56,15.09,18.26,5.29
372,US-NH,New Hampshire,2020-08-03,704.0,8.0,17.94,7.44,11.69,9.7,28.83,12.89,11.56,16.74,11.43,19.8,16.08,17.94,18.2,5.32
373,US-NH,New Hampshire,2020-08-10,709.0,5.0,16.13,10.84,14.55,11.37,28.43,9.52,15.61,21.42,12.03,18.78,13.36,18.78,17.59,
374,US-NH,New Hampshire,2020-08-17,712.0,3.0,20.66,10.46,13.24,11.26,26.36,8.87,15.1,15.23,13.11,19.87,15.36,19.34,18.81,
375,US-NH,New Hampshire,2020-08-24,714.0,2.0,16.74,9.86,14.79,14.14,29.58,8.56,12.58,19.46,11.16,17.77,14.14,17.9,18.29,5.19
376,US-NH,New Hampshire,2020-08-31,718.0,4.0,15.93,15.41,15.67,12.54,21.8,18.8,13.06,20.89,12.93,15.67,14.62,18.28,16.58,8.1
377,US-NH,New Hampshire,2020-09-07,721.0,3.0,16.35,10.14,16.35,12.42,23.2,19.39,13.31,21.55,14.2,19.01,13.18,19.77,23.58,8.11
378,US-NH,New Hampshire,2020-09-14,726.0,5.0,19.53,9.45,8.82,18.65,23.94,31.88,13.86,19.03,12.35,17.77,17.51,19.03,21.55,6.43
379,US-NH,New Hampshire,2020-09-21,737.0,11.0,15.22,13.46,15.85,16.98,27.43,22.27,16.86,18.87,17.36,23.4,12.33,17.49,22.39,11.2
380,US-NM,New Mexico,2020-01-06,,,,43.08,,,,,,,,,,,,60.77
381,US-NM,New Mexico,2020-01-13,,,,44.96,,,,,,,,,,,,60.68
382,US-NM,New Mexico,2020-01-20,,,,45.38,,,,,,,,,,,,54.5
383,US-NM,New Mexico,2020-01-27,,,,48.12,,,,,,,,,,,,58.31
384,US-NM,New Mexico,2020-02-03,,,,51.52,,,,,,,,,,,,49.59
385,US-NM,New Mexico,2020-02-10,,,,41.45,,,,,,,,,,,,53.66
386,US-NM,New Mexico,2020-02-17,,,,49.27,,,,,,,,,,,,45.55
387,US-NM,New Mexico,2020-02-24,,,,44.47,,,,,,,,,,,,62.61
388,US-NM,New Mexico,2020-03-02,,,,47.66,,,,,,,,,,,,66.34
389,US-NM,New Mexico,2020-03-09,,,,48.52,,,,,,,,,,,,100.0
390,US-NM,New Mexico,2020-03-16,,,,39.8,,,,,,,,,,,,97.97
391,US-NM,New Mexico,2020-03-23,,,,32.67,,,,,,,,,,,,70.4
392,US-NM,New Mexico,2020-03-30,,,,27.73,,,,,,,,,,,,49.42
393,US-NM,New Mexico,2020-04-06,,,,24.65,,,,,,,,,,,,36.87
394,US-NM,New Mexico,2020-04-13,274.0,274.0,,23.21,,,,,,,,,,,,24.8
395,US-NM,New Mexico,2020-04-20,412.0,138.0,,18.09,,,,,,,,,,,,18.69
396,US-NM,New Mexico,2020-04-27,587.0,175.0,,22.26,,,,,,,,,,,,15.72
397,US-NM,New Mexico,2020-05-04,789.0,202.0,,22.98,,,,,,,,,,,,18.01
398,US-NM,New Mexico,2020-05-11,886.0,97.0,,15.51,,,,,,,,,,,,13.86
399,US-NM,New Mexico,2020-05-18,1243.0,357.0,,17.68,,,,,,,,,,,,14.88
400,US-NM,New Mexico,2020-05-25,1317.0,74.0,,21.68,,,,,,,,,,,,15.98
401,US-NM,New Mexico,2020-06-01,1533.0,216.0,,18.67,,,,,,,,,,,,9.98
402,US-NM,New Mexico,2020-06-08,1625.0,92.0,,26.05,,,,,,,,,,,,19.49
403,US-NM,New Mexico,2020-06-15,1746.0,121.0,,22.08,,,,,,,,,,,,13.47
404,US-NM,New Mexico,2020-06-22,1865.0,119.0,,14.53,,,,,,,,,,,,11.45
405,US-NM,New Mexico,2020-06-29,2006.0,141.0,,14.86,,,,,,,,,,,,17.34
406,US-NM,New Mexico,2020-07-06,2204.0,198.0,,24.32,,,,,,,,,,,,24.1
407,US-NM,New Mexico,2020-07-13,2387.0,183.0,,16.92,,,,,,,,,,,,18.66
408,US-NM,New Mexico,2020-07-20,2560.0,173.0,,21.27,,,,,,,,,,,,19.52
409,US-NM,New Mexico,2020-07-27,2720.0,160.0,,21.71,,,,,,,,,,,,13.38
410,US-NM,New Mexico,2020-08-03,2851.0,131.0,,19.22,,,,,,,,,,,,14.04
411,US-NM,New Mexico,2020-08-10,2965.0,114.0,,15.3,,,,,,,,,,,,10.06
412,US-NM,New Mexico,2020-08-17,3031.0,66.0,,18.28,,,,,,,,,,,,15.23
413,US-NM,New Mexico,2020-08-24,3126.0,95.0,,18.93,,,,,,,,,,,,9.67
414,US-NM,New Mexico,2020-08-31,3186.0,60.0,,23.36,,,,,,,,,,,,11.06
415,US-NM,New Mexico,2020-09-07,3267.0,81.0,,18.39,,,,,,,,,,,,16.74
416,US-NM,New Mexico,2020-09-14,3341.0,74.0,,20.36,,,,,,,,,,,,8.96
417,US-NM,New Mexico,2020-09-21,3443.0,102.0,,17.27,,,,,,,,,,,,16.45
418,US-RI,Rhode Island,2020-01-06,,,14.35,17.22,11.36,16.53,15.38,11.71,26.63,12.51,10.67,13.89,7.46,12.4,11.94,15.15
419,US-RI,Rhode Island,2020-01-13,,,11.19,14.5,7.54,18.49,17.92,13.13,26.14,11.87,11.07,12.21,5.59,13.24,11.19,21.35
420,US-RI,Rhode Island,2020-01-20,,,14.92,16.26,6.95,16.15,12.79,10.32,24.9,14.13,11.33,12.11,8.75,13.57,17.94,24.0
421,US-RI,Rhode Island,2020-01-27,,,16.16,17.25,8.03,16.27,11.93,15.41,24.41,14.54,11.72,13.45,9.66,10.74,12.26,25.28
422,US-RI,Rhode Island,2020-02-03,,,13.39,15.98,8.96,18.25,14.79,14.14,27.32,13.06,12.63,13.5,8.42,16.2,15.12,24.83
423,US-RI,Rhode Island,2020-02-10,,,14.24,17.44,6.51,17.22,13.36,14.9,31.68,17.55,8.39,12.26,7.84,8.61,14.68,21.2
424,US-RI,Rhode Island,2020-02-17,,,17.05,18.2,11.29,17.39,15.32,14.05,33.17,11.29,11.52,14.97,8.87,14.63,15.9,21.77
425,US-RI,Rhode Island,2020-02-24,,,13.85,13.96,9.42,14.94,13.42,15.15,25.54,10.93,11.26,14.83,11.9,14.07,12.55,21.32
426,US-RI,Rhode Island,2020-03-02,,,13.94,15.69,8.89,14.81,12.84,21.07,24.91,10.86,10.53,11.85,10.75,11.19,14.26,29.19
427,US-RI,Rhode Island,2020-03-09,,,8.88,14.76,12.21,12.65,15.98,9.65,24.3,11.21,11.88,11.43,18.09,11.1,11.21,36.62
428,US-RI,Rhode Island,2020-03-16,,,10.7,12.03,13.02,20.63,9.71,11.47,20.3,7.83,7.61,12.14,30.89,6.29,9.6,30.23
429,US-RI,Rhode Island,2020-03-23,,,10.41,10.92,16.78,19.21,6.87,21.43,15.16,14.36,7.08,10.41,19.91,9.81,15.16,16.38
430,US-RI,Rhode Island,2020-03-30,,,12.43,9.42,17.84,13.43,7.72,13.73,11.22,9.32,9.22,10.12,20.75,7.72,10.42,17.54
431,US-RI,Rhode Island,2020-04-06,331.0,331.0,12.31,8.61,13.13,13.95,9.44,14.36,8.0,12.2,7.9,13.33,18.87,10.15,13.23,13.95
432,US-RI,Rhode Island,2020-04-13,629.0,298.0,10.81,7.44,14.18,8.63,9.32,10.61,10.31,20.92,12.39,11.3,15.86,9.81,12.79,9.02
433,US-RI,Rhode Island,2020-04-20,718.0,89.0,10.73,7.58,12.31,9.55,8.67,13.89,11.52,15.17,9.06,14.48,11.23,10.64,11.13,11.23
434,US-RI,Rhode Island,2020-04-27,1061.0,343.0,15.49,5.13,13.18,11.06,9.55,16.39,6.84,14.28,10.66,11.16,12.77,13.58,11.06,6.13
435,US-RI,Rhode Island,2020-05-04,1280.0,219.0,10.94,6.79,10.94,9.62,7.19,9.72,7.49,13.87,9.93,11.85,7.39,11.54,11.65,4.46
436,US-RI,Rhode Island,2020-05-11,1438.0,158.0,12.47,7.07,8.62,10.49,10.29,9.66,7.69,15.59,10.49,12.88,12.16,8.62,9.14,4.99
437,US-RI,Rhode Island,2020-05-18,1580.0,142.0,11.68,10.2,13.67,6.0,10.94,8.52,6.84,9.68,5.79,12.73,11.04,11.57,10.62,5.15
438,US-RI,Rhode Island,2020-05-25,1724.0,144.0,6.37,5.31,9.24,5.1,12.42,8.49,7.11,10.94,8.07,12.95,11.04,9.55,11.25,
439,US-RI,Rhode Island,2020-06-01,1807.0,83.0,10.75,6.64,5.8,6.22,8.12,6.96,7.91,9.59,9.38,14.97,6.22,10.65,13.81,
440,US-RI,Rhode Island,2020-06-08,1882.0,75.0,10.29,,10.19,9.65,13.83,12.87,8.15,9.54,10.29,13.4,9.87,10.72,12.87,
441,US-RI,Rhode Island,2020-06-15,1950.0,68.0,6.8,9.93,8.59,9.03,10.48,11.38,8.59,10.15,8.03,12.49,8.03,10.04,11.71,4.8
442,US-RI,Rhode Island,2020-06-22,1995.0,45.0,10.14,8.16,7.61,8.27,15.32,12.35,10.14,12.13,7.72,14.0,7.83,11.58,11.13,
443,US-RI,Rhode Island,2020-06-29,2019.0,24.0,11.56,,8.87,6.85,16.28,8.87,8.2,13.36,10.22,13.25,9.43,9.54,7.3,
444,US-RI,Rhode Island,2020-07-06,2066.0,47.0,12.05,10.74,11.51,9.31,15.56,11.62,10.3,12.49,9.43,14.79,7.01,9.64,11.07,
445,US-RI,Rhode Island,2020-07-13,2110.0,44.0,12.4,9.22,12.29,8.34,13.72,7.9,7.24,11.52,8.23,11.63,9.0,11.96,10.87,
446,US-RI,Rhode Island,2020-07-20,2174.0,64.0,12.58,7.5,8.16,7.83,13.13,12.13,10.48,13.46,9.6,12.58,10.7,10.92,7.83,4.52
447,US-RI,Rhode Island,2020-07-27,2231.0,57.0,12.26,8.1,8.97,9.19,10.94,11.71,8.1,11.82,9.96,14.55,9.85,13.46,9.08,4.38
448,US-RI,Rhode Island,2020-08-03,2311.0,80.0,10.29,7.63,8.07,9.62,16.7,9.62,5.64,12.39,6.3,11.95,10.4,12.61,10.51,
449,US-RI,Rhode Island,2020-08-10,2380.0,69.0,11.08,6.69,9.11,10.64,15.8,11.41,7.35,15.03,13.38,13.93,11.52,10.42,12.51,
450,US-RI,Rhode Island,2020-08-17,2460.0,80.0,10.17,5.2,10.61,6.75,16.25,11.28,10.95,14.48,11.72,15.37,9.51,14.71,14.04,4.42
451,US-RI,Rhode Island,2020-08-24,2519.0,59.0,10.43,5.81,9.25,10.54,14.95,10.22,8.28,14.09,8.71,13.02,9.14,10.43,12.59,4.62
452,US-RI,Rhode Island,2020-08-31,2589.0,70.0,14.2,9.03,9.68,10.65,12.8,11.4,7.85,9.57,10.43,15.16,9.57,13.55,10.22,5.05
453,US-RI,Rhode Island,2020-09-07,2644.0,55.0,12.78,8.17,10.37,12.15,13.4,13.3,11.2,8.06,10.26,14.24,11.83,10.79,12.04,6.49
454,US-RI,Rhode Island,2020-09-14,2693.0,49.0,12.87,8.45,7.54,11.16,13.07,20.42,9.55,11.77,9.05,12.97,7.84,12.97,11.46,
455,US-RI,Rhode Island,2020-09-21,2725.0,32.0,10.57,8.96,8.26,11.58,17.42,20.34,10.27,12.79,11.78,14.6,10.67,14.2,16.21,4.73
456,US-SD,South Dakota,2020-01-06,,,5.63,8.57,7.72,7.1,7.72,7.84,13.47,,5.63,8.33,6.86,,10.04,10.9
457,US-SD,South Dakota,2020-01-13,,,9.0,9.24,5.64,10.8,11.52,9.48,15.72,5.04,6.12,8.28,,6.84,12.0,13.56
458,US-SD,South Dakota,2020-01-20,,,7.53,9.96,6.07,11.17,7.53,9.11,14.09,6.32,5.1,6.07,,5.46,13.96,13.24
459,US-SD,South Dakota,2020-01-27,,,,7.83,5.42,12.28,10.23,9.99,16.98,11.44,9.27,,5.66,,11.2,13.01
460,US-SD,South Dakota,2020-02-03,,,8.16,15.6,6.24,10.92,9.0,11.4,15.47,6.24,7.68,6.84,,8.4,8.88,16.32
461,US-SD,South Dakota,2020-02-10,,,5.2,11.13,,8.54,7.67,9.77,20.16,6.43,5.07,8.66,5.81,5.44,8.16,16.58
462,US-SD,South Dakota,2020-02-17,,,5.25,9.04,,11.73,7.09,10.39,13.32,10.51,,9.04,5.25,7.82,8.31,15.89
463,US-SD,South Dakota,2020-02-24,,,6.56,11.57,,11.81,11.22,7.64,19.45,,5.97,7.04,6.8,5.97,11.45,12.77
464,US-SD,South Dakota,2020-03-02,,,5.15,9.7,,8.98,10.66,9.82,21.68,6.47,5.15,7.18,,5.03,14.49,13.17
465,US-SD,South Dakota,2020-03-09,,,6.02,15.06,7.23,10.0,7.47,5.42,19.39,,,,10.36,7.95,9.28,25.9
466,US-SD,South Dakota,2020-03-16,,,8.1,7.0,11.9,11.54,,10.43,16.2,4.91,,8.71,13.01,7.49,10.31,24.79
467,US-SD,South Dakota,2020-03-23,,,4.76,10.09,12.24,11.67,8.61,20.74,9.86,,4.76,6.01,13.94,6.23,6.23,20.17
468,US-SD,South Dakota,2020-03-30,23.0,23.0,4.94,4.94,8.42,10.44,,7.63,8.87,5.16,5.84,6.51,12.8,7.18,10.78,16.28
469,US-SD,South Dakota,2020-04-06,44.0,21.0,4.73,,9.34,10.03,,10.95,5.42,7.96,,5.65,10.03,7.96,8.3,8.07
470,US-SD,South Dakota,2020-04-13,87.0,43.0,4.81,5.37,11.08,4.48,,9.74,6.94,7.95,6.16,7.39,6.05,5.37,7.17,
471,US-SD,South Dakota,2020-04-20,150.0,63.0,4.75,4.63,8.34,5.1,6.95,11.47,5.21,6.37,,7.53,7.64,6.83,9.38,
472,US-SD,South Dakota,2020-04-27,211.0,61.0,5.8,,8.28,,5.56,10.77,,6.86,6.04,6.63,7.1,6.39,7.34,
473,US-SD,South Dakota,2020-05-04,263.0,52.0,,6.34,6.91,4.61,,7.95,5.42,,5.99,7.72,5.18,7.49,8.53,
474,US-SD,South Dakota,2020-05-11,316.0,53.0,,,6.81,5.75,,6.58,5.4,8.69,5.52,8.45,4.93,7.16,6.69,
475,US-SD,South Dakota,2020-05-18,370.0,54.0,,,8.04,,6.91,5.65,,5.53,,8.54,5.15,6.66,8.41,
476,US-SD,South Dakota,2020-05-25,435.0,65.0,6.9,,,5.88,5.75,5.62,5.37,6.13,,5.88,5.49,9.07,9.2,
477,US-SD,South Dakota,2020-06-01,482.0,47.0,5.19,,,,6.46,,7.09,6.58,6.2,6.46,5.7,6.46,,
478,US-SD,South Dakota,2020-06-08,544.0,62.0,,,6.67,,8.56,6.29,5.04,6.67,,,5.41,5.54,6.17,5.29
479,US-SD,South Dakota,2020-06-15,616.0,72.0,,,,,7.41,6.53,,,7.66,6.03,,8.41,9.41,
480,US-SD,South Dakota,2020-06-22,657.0,41.0,6.67,,,,9.06,6.16,7.04,8.3,,5.66,,8.68,7.8,6.29
481,US-SD,South Dakota,2020-06-29,692.0,35.0,,,9.07,5.57,7.13,5.83,,7.13,,6.87,,7.26,7.26,5.44
482,US-SD,South Dakota,2020-07-06,742.0,50.0,,7.03,6.42,6.42,7.03,,5.18,7.16,5.92,6.54,7.4,9.38,7.77,
483,US-SD,South Dakota,2020-07-13,774.0,32.0,,5.29,12.31,6.03,9.48,,,6.9,5.54,8.62,4.93,6.77,9.48,
484,US-SD,South Dakota,2020-07-20,806.0,32.0,6.55,,7.66,,8.65,,6.92,5.06,,6.18,6.05,,9.14,
485,US-SD,South Dakota,2020-07-27,838.0,32.0,7.93,8.18,5.7,,9.91,,6.69,,,6.82,5.95,5.82,9.29,
486,US-SD,South Dakota,2020-08-03,882.0,44.0,5.97,,9.02,,9.75,8.41,7.8,7.19,,5.36,,,11.21,
487,US-SD,South Dakota,2020-08-10,921.0,39.0,,,5.2,,5.81,5.45,7.02,7.38,5.45,,,7.14,8.11,
488,US-SD,South Dakota,2020-08-17,965.0,44.0,,4.82,7.41,,6.35,7.64,8.82,5.29,,7.06,5.06,8.12,12.94,
489,US-SD,South Dakota,2020-08-24,1029.0,64.0,6.03,5.02,6.47,7.37,8.7,,4.8,7.48,5.58,7.92,6.47,6.92,8.81,
490,US-SD,South Dakota,2020-08-31,1084.0,55.0,6.82,6.93,7.84,9.54,6.47,7.38,5.57,6.36,4.88,7.27,6.25,6.82,11.02,
491,US-SD,South Dakota,2020-09-07,1171.0,87.0,6.56,4.67,6.11,6.89,10.11,15.45,,7.89,6.56,8.0,5.33,4.67,9.56,
492,US-SD,South Dakota,2020-09-14,1297.0,126.0,4.41,7.17,5.84,11.47,5.4,13.35,8.38,6.29,,6.73,7.28,6.84,12.46,4.85
493,US-SD,South Dakota,2020-09-21,1488.0,191.0,,6.96,,8.51,8.51,13.82,,5.75,7.08,9.73,5.42,8.18,13.16,6.86
570,US-WY,Wyoming,2020-01-06,,,,3.54,,3.48,,,5.2,3.0,,,,,,4.34
571,US-WY,Wyoming,2020-01-13,,,,3.04,,,2.98,,3.58,,2.43,,,2.85,,4.37
572,US-WY,Wyoming,2020-01-20,,,,,,4.59,3.91,2.57,5.32,,3.36,,,,,3.67
573,US-WY,Wyoming,2020-01-27,,,,3.16,,3.4,4.63,3.34,5.21,,,,,,4.04,4.22
574,US-WY,Wyoming,2020-02-03,,,,2.48,,3.4,2.54,3.92,4.44,,,2.71,,,4.15,5.02
575,US-WY,Wyoming,2020-02-10,,,,,,3.6,2.65,3.01,6.13,4.66,,,,,3.07,3.42
576,US-WY,Wyoming,2020-02-17,,,,3.73,,4.26,,3.19,5.21,4.14,,,,,2.6,5.09
577,US-WY,Wyoming,2020-02-24,,,3.01,5.22,,3.42,4.06,3.88,5.8,,,,,4.12,3.07,6.03
578,US-WY,Wyoming,2020-03-02,,,2.63,2.75,2.86,3.97,2.92,5.43,7.01,,,,,3.86,2.81,5.32
579,US-WY,Wyoming,2020-03-09,,,,3.37,,3.19,2.45,3.48,5.82,,,,3.77,,2.34,8.79
580,US-WY,Wyoming,2020-03-16,,,,3.52,3.7,4.35,,2.82,4.29,,,,5.05,,,9.57
581,US-WY,Wyoming,2020-03-23,17.0,17.0,,,3.79,3.16,,8.65,3.05,,,3.28,4.63,,,8.31
582,US-WY,Wyoming,2020-03-30,23.0,6.0,,2.25,,2.19,,,3.18,,2.91,,3.45,,,5.43
583,US-WY,Wyoming,2020-04-06,41.0,18.0,,,3.44,,,3.06,,2.18,,,2.95,,2.62,
584,US-WY,Wyoming,2020-04-13,51.0,10.0,,,,,2.17,4.23,2.59,,2.59,3.17,,,,4.01
585,US-WY,Wyoming,2020-04-20,54.0,3.0,,,,4.93,,5.48,2.41,,,3.02,2.19,2.63,2.36,
586,US-WY,Wyoming,2020-04-27,60.0,6.0,,,,,3.41,2.85,,,,,2.68,2.52,,
587,US-WY,Wyoming,2020-05-04,66.0,6.0,3.45,,,2.54,2.6,3.33,,,,,,,,
588,US-WY,Wyoming,2020-05-11,73.0,7.0,,,,,,3.13,,,,,,,2.73,
589,US-WY,Wyoming,2020-05-18,79.0,6.0,,,,,,,,,,3.24,,,2.77,
590,US-WY,Wyoming,2020-05-25,86.0,7.0,,,,,2.42,,,,,,,,,
591,US-WY,Wyoming,2020-06-01,91.0,5.0,,,3.17,2.57,2.63,,,,,2.45,,2.57,2.45,
592,US-WY,Wyoming,2020-06-08,93.0,2.0,,,,,2.63,,,2.45,,3.46,,,,
593,US-WY,Wyoming,2020-06-15,105.0,12.0,2.73,,,,,,,,,2.73,,,,
594,US-WY,Wyoming,2020-06-22,112.0,7.0,,,,2.64,,,,2.88,,,,,3.11,
595,US-WY,Wyoming,2020-06-29,119.0,7.0,,,4.02,,,,,,,,,,,
596,US-WY,Wyoming,2020-07-06,124.0,5.0,,,,,3.39,2.3,,,,,,2.59,2.87,
597,US-WY,Wyoming,2020-07-13,144.0,20.0,,,,,2.4,,,,,,,,2.97,
598,US-WY,Wyoming,2020-07-20,158.0,14.0,,,,,,,,,,,,,2.35,
599,US-WY,Wyoming,2020-07-27,167.0,9.0,3.21,,,2.87,2.81,,,,,,,2.41,,
600,US-WY,Wyoming,2020-08-03,179.0,12.0,,,,,2.8,,,,,2.97,,2.4,,
601,US-WY,Wyoming,2020-08-10,195.0,16.0,,,,,3.99,,,,,2.74,2.97,,2.57,
602,US-WY,Wyoming,2020-08-17,211.0,16.0,,,,,2.75,,,,,,,2.42,,
603,US-WY,Wyoming,2020-08-24,215.0,4.0,,,2.54,,3.37,,,2.6,2.37,,,,2.48,
604,US-WY,Wyoming,2020-08-31,219.0,4.0,,,,2.85,2.68,,,,,2.63,2.9,,,
605,US-WY,Wyoming,2020-09-07,230.0,11.0,2.25,,3.36,2.75,2.92,2.53,,,,,2.2,,,
606,US-WY,Wyoming,2020-09-14,247.0,17.0,,,,,3.17,,2.19,,2.24,2.46,,2.68,,
607,US-WY,Wyoming,2020-09-21,264.0,17.0,,,2.52,2.52,3.56,4.38,,2.41,2.19,,,,3.23,
