Unnamed: 0,open_covid_region_code,sub_region_1,date,hospitalized_cumulative,hospitalized_new,symptom:Angular cheilitis,symptom:Aphonia,symptom:Burning Chest Pain,symptom:Crackles,symptom:Dysautonomia,symptom:Hemolysis,symptom:Laryngitis,symptom:Myoclonus,symptom:Polydipsia,symptom:Rectal pain,symptom:Shallow breathing,symptom:Urinary urgency,symptom:Ventricular fibrillation,symptom:Viral pneumonia,symptom:weeklyFever
114,US-HI,Hawaii,2020-01-06,,,1.037463976945245,1.78328530259366,,0.9944284341978866,,,2.9291066282420752,,,,0.8430355427473584,,,1.2972142170989434,1.3732949087415942
115,US-HI,Hawaii,2020-01-13,,,1.507396733909702,1.5942363112391933,,1.2253602305475506,,,2.6678194044188284,,,,0.856868395773295,,,1.6049951969260328,1.4816522574447648
116,US-HI,Hawaii,2020-01-20,,,1.1811719500480307,1.8878001921229588,,1.2365033621517771,,,2.66090297790586,,,,0.9936599423631124,,,1.8217098943323726,1.6207492795389054
117,US-HI,Hawaii,2020-01-27,,,1.3940441882804997,1.7967339097022095,,0.9475504322766571,,,2.3738712776176754,,,,0.9148895292987512,,,2.0580211335254566,1.7571565802113351
118,US-HI,Hawaii,2020-02-03,,,1.7156580211335255,2.3054755043227666,,0.7976945244956773,,,3.136215177713737,,,,1.0382324687800193,,,1.5296829971181558,1.7198847262247838
119,US-HI,Hawaii,2020-02-10,,,1.5043227665706052,1.9907780979827092,,1.4708933717579251,,,3.3068203650336216,,,,1.0174831892411145,,,1.7805955811719503,1.8032660902977906
120,US-HI,Hawaii,2020-02-17,,,1.470509125840538,2.3104707012487995,,1.1054755043227666,,,3.5154658981748317,,,,0.6966378482228627,,,2.0672430355427474,1.7394812680115277
121,US-HI,Hawaii,2020-02-24,,,1.4170989433237273,1.7875120076849185,,1.3191162343900096,,,3.1719500480307397,,,,0.926416906820365,,,2.180211335254563,1.8536023054755044
122,US-HI,Hawaii,2020-03-02,,,1.2945244956772335,2.110662824207493,,1.142363112391931,,,3.513928914505284,,,,1.1204610951008647,,,2.676272814601345,1.9942363112391932
123,US-HI,Hawaii,2020-03-09,,,1.245341018251681,2.46954851104707,,1.2134486071085495,,,3.043996157540826,,,,1.9050912584053794,,,3.8424591738712777,3.3367915465898177
124,US-HI,Hawaii,2020-03-16,,,1.1020172910662824,1.9312199807877042,,1.4512968299711817,,,3.2407300672430357,,,,3.2188280499519695,,,3.404418828049952,4.785782901056676
125,US-HI,Hawaii,2020-03-23,12.0,12.0,1.214985590778098,1.3975024015369837,,1.6449567723342942,,,2.2255523535062443,,,,2.838424591738713,,,2.709317963496638,3.3114313160422677
126,US-HI,Hawaii,2020-03-30,21.0,9.0,1.5135446685878964,1.0931796349663785,,1.3875120076849183,,,1.524303554274736,,,,2.312776176753122,,,1.7975024015369838,2.6328530259366
127,US-HI,Hawaii,2020-04-06,44.0,23.0,1.3932756964457254,0.8864553314121038,,1.0236311239193083,,,1.034390009606148,,,,1.7098943323727187,,,1.097790585975024,1.8997118155619601
128,US-HI,Hawaii,2020-04-13,52.0,8.0,1.8255523535062441,0.8918347742555236,,0.8710854947166188,,,1.0785782901056677,,,,1.618059558117195,,,0.5394812680115274,1.4720461095100865
129,US-HI,Hawaii,2020-04-20,68.0,16.0,1.2284341978866475,0.6662824207492796,,0.7600384245917388,,,0.6243996157540826,,,,1.3114313160422673,,,0.9575408261287225,1.365225744476465
130,US-HI,Hawaii,2020-04-27,73.0,5.0,1.4585975024015372,0.8453410182516812,,0.8560999039385208,,,1.1838616714697408,,,,1.173102785782901,,,0.8772334293948126,1.302209414024976
131,US-HI,Hawaii,2020-05-04,81.0,8.0,1.461287223823247,,,0.7093179634966379,,,0.6662824207492796,,,,1.085494716618636,,,0.6017291066282421,1.6103746397694525
132,US-HI,Hawaii,2020-05-11,82.0,1.0,1.4251681075888571,0.65283381364073,,0.9356388088376562,,,0.9248799231508166,,,,1.2184438040345822,,,,1.6749279538904902
133,US-HI,Hawaii,2020-05-18,84.0,2.0,1.0728146013448607,,,1.0174831892411145,,,0.9402497598463017,,,,0.8626320845341019,,,,1.2161383285302594
134,US-HI,Hawaii,2020-05-25,83.0,-1.0,1.7878962536023055,0.7857829010566763,,0.7857829010566763,,,0.6831892411143132,,,,1.3894332372718539,,,,1.1811719500480307
135,US-HI,Hawaii,2020-06-01,84.0,1.0,1.0755043227665706,0.5490874159462056,,0.881075888568684,,,0.7439000960614793,,,,0.9955811719500481,,,,1.1853986551392894
136,US-HI,Hawaii,2020-06-08,91.0,7.0,1.3425552353506245,0.523342939481268,,1.0124879923150818,,,0.841882804995197,,,,1.1262247838616715,,,0.6712776176753122,1.2330451488952932
137,US-HI,Hawaii,2020-06-15,97.0,6.0,1.4455331412103747,0.6078770413064362,,1.0209414024975985,,,0.5275696445725264,,,,1.1358309317963498,,,0.6997118155619597,1.3248799231508168
138,US-HI,Hawaii,2020-06-22,111.0,14.0,1.178866474543708,0.7512007684918348,,0.6240153698366955,,,0.878386167146974,,,,1.340634005763689,,,,1.3821325648414986
139,US-HI,Hawaii,2020-06-29,118.0,7.0,1.0324687800192125,0.7861671469740634,,0.5748318924111432,,,0.950240153698367,,,,1.2084534101825168,,,,1.4074927953890493
140,US-HI,Hawaii,2020-07-06,125.0,7.0,0.8626320845341019,0.8280499519692603,,0.8626320845341019,,,1.1043227665706052,,,,1.368683957732949,,,0.7131604226705092,1.590009606147935
141,US-HI,Hawaii,2020-07-13,150.0,25.0,1.4140249759846302,0.8733909702209415,,0.9540826128722382,,,0.9656099903938521,,,,1.4251681075888571,,,0.6897214217098944,1.5688760806916426
142,US-HI,Hawaii,2020-07-20,163.0,13.0,1.1677233429394813,0.9521613832853026,,0.7027857829010566,,,0.736983669548511,,,,1.575792507204611,,,0.6347742555235351,1.3613832853025938
143,US-HI,Hawaii,2020-07-27,199.0,36.0,1.0951008645533142,0.9913544668587897,,1.0951008645533142,,,0.6340057636887608,,,,1.2680115273775217,,,0.5417867435158502,1.5638808837656102
144,US-HI,Hawaii,2020-08-03,239.0,40.0,1.5734870317002885,1.2338136407300673,,0.6113352545629203,,,1.34716618635927,,,,1.3244956772334293,,,,1.5654178674351586
145,US-HI,Hawaii,2020-08-10,283.0,44.0,1.118539865513929,0.6263208453410183,,0.8388088376560999,,,0.9060518731988473,,,,1.1408261287223824,,,,1.6149855907780981
146,US-HI,Hawaii,2020-08-17,396.0,113.0,1.3909702209414028,0.6685878962536023,,0.8733909702209415,,,0.7439000960614793,,,,1.3909702209414028,,,0.7658021133525457,1.4751200768491837
147,US-HI,Hawaii,2020-08-24,505.0,109.0,1.1400576368876083,1.0470701248799232,,0.8603266090297791,,,0.673583093179635,,,,0.787704130643612,,,0.4353506243996158,1.3636887608069166
148,US-HI,Hawaii,2020-08-31,597.0,92.0,1.2833813640730067,0.8972142170989434,,1.1062439961575408,,,0.9075888568683959,,,,1.5339097022094141,,,0.5010566762728146,1.2833813640730067
149,US-HI,Hawaii,2020-09-07,636.0,39.0,1.224207492795389,0.6174831892411143,,1.2138328530259366,,,0.5440922190201729,,,,1.0778097982708934,,,0.7116234390009606,1.2345821325648416
150,US-HI,Hawaii,2020-09-14,730.0,94.0,1.1581171950048033,0.8972142170989434,,0.866090297790586,,,0.8449567723342939,,,,1.2730067243035545,,,,1.175408261287224
151,US-HI,Hawaii,2020-09-21,816.0,86.0,1.3302593659942363,0.8591738712776177,,0.9848222862632084,,,1.0789625360230548,,,,1.3932756964457254,,,0.5759846301633046,1.1150816522574447
152,US-ID,Idaho,2020-01-06,,,,1.703380588876772,,,,,,,,,,,,2.850054525627045,1.8980370774263906
153,US-ID,Idaho,2020-01-13,,,,1.9100327153762269,,,,,,,,,,,,2.435659760087241,1.9749182115594337
154,US-ID,Idaho,2020-01-20,,,,1.5539803707742639,,,,,,,,,,,,2.785714285714286,1.989640130861505
155,US-ID,Idaho,2020-01-27,,,,1.6777535441657578,,,,,,,,,,,,2.6014176663031625,1.9732824427480915
156,US-ID,Idaho,2020-02-03,,,,1.722464558342421,,,,,,,,,,,,2.6461286804798254,1.9242093784078516
157,US-ID,Idaho,2020-02-10,,,,1.8304252998909487,,,,,,,,,,,,2.639040348964013,1.8860414394765541
158,US-ID,Idaho,2020-02-17,,,,1.76226826608506,,,,,,,,,,,,3.019629225736096,1.945474372955289
159,US-ID,Idaho,2020-02-24,,,,1.7115594329334787,,,,,,,,,,,,3.2039258451472192,2.142311886586696
160,US-ID,Idaho,2020-03-02,,,,2.163576881134133,,,,,,,,,,,,3.3914940021810254,2.4176663031624868
161,US-ID,Idaho,2020-03-09,,,,2.312431842966194,,,,,,,,,,,,5.452562704471101,4.059978189749184
162,US-ID,Idaho,2020-03-16,,,,1.9296619411123228,,,,,,,,,,,,5.226826608505998,6.261723009814613
163,US-ID,Idaho,2020-03-23,39.0,39.0,,1.3473282442748091,,,,,,,,,,,,3.742093784078517,4.354416575790623
164,US-ID,Idaho,2020-03-30,77.0,38.0,,1.0332606324972737,,,,,,,,,,,,2.7758996728462377,3.3146128680479823
165,US-ID,Idaho,2020-04-06,132.0,55.0,,0.9340239912758996,,,,,,,,,,,,1.8876772082878952,2.439476553980371
166,US-ID,Idaho,2020-04-13,151.0,19.0,,0.8745910577971646,,,,,,,,,,,,1.346237731733915,1.902399127589967
167,US-ID,Idaho,2020-04-20,169.0,18.0,,0.9105779716466739,,,,,,,,,,,,1.1106870229007635,1.7382769901853874
168,US-ID,Idaho,2020-04-27,200.0,31.0,,0.697928026172301,,,,,,,,,,,,0.727917121046892,1.6723009814612868
169,US-ID,Idaho,2020-05-04,207.0,7.0,,0.7758996728462377,,,,,,,,,,,,0.6930207197382771,2.015812431842966
170,US-ID,Idaho,2020-05-11,213.0,6.0,,0.6837513631406761,,,,,,,,,,,,0.7557251908396946,2.063794983642312
171,US-ID,Idaho,2020-05-18,225.0,12.0,,0.8538713195201745,,,,,,,,,,,,0.6853871319520175,1.6303162486368592
172,US-ID,Idaho,2020-05-25,242.0,17.0,,0.8353326063249727,,,,,,,,,,,,0.7366412213740458,1.4329334787350054
173,US-ID,Idaho,2020-06-01,260.0,18.0,,0.781897491821156,,,,,,,,,,,,0.44492911668484186,1.3287895310796074
174,US-ID,Idaho,2020-06-08,266.0,6.0,,,,,,,,,,,,,,0.4651035986913849,1.3735005452562705
175,US-ID,Idaho,2020-06-15,283.0,17.0,,0.7371864776444929,,,,,,,,,,,,0.5610687022900763,1.5
176,US-ID,Idaho,2020-06-22,312.0,29.0,,1.2513631406761176,,,,,,,,,,,,0.5926935659760086,1.8129770992366412
177,US-ID,Idaho,2020-06-29,369.0,57.0,,1.0,,,,,,,,,,,,0.876226826608506,1.932388222464559
178,US-ID,Idaho,2020-07-06,477.0,108.0,,0.9972737186477644,,,,,,,,,,,,1.094874591057797,2.143947655398037
179,US-ID,Idaho,2020-07-13,600.0,123.0,,0.7508178844056707,,,,,,,,,,,,0.9252998909487459,2.1494002181025085
180,US-ID,Idaho,2020-07-20,741.0,141.0,,1.0430752453653216,,,,,,,,,,,,0.8233369683751363,1.900763358778626
181,US-ID,Idaho,2020-07-27,874.0,133.0,,1.0310796074154853,,,,,,,,,,,,1.009269356597601,1.8631406761177756
182,US-ID,Idaho,2020-08-03,999.0,125.0,,1.1821155943293349,,,,,,,,,,,,0.8974918211559434,1.7453653217012
183,US-ID,Idaho,2020-08-10,1110.0,111.0,,0.7633587786259542,,,,,,,,,,,,0.5125408942202836,1.6417666303162486
184,US-ID,Idaho,2020-08-17,1256.0,146.0,,0.8091603053435115,,,,,,,,,,,,0.6728462377317339,1.5850599781897492
185,US-ID,Idaho,2020-08-24,1369.0,113.0,,0.8064340239912758,,,,,,,,,,,,0.7758996728462377,1.4514721919302072
186,US-ID,Idaho,2020-08-31,1466.0,97.0,,1.0458015267175573,,,,,,,,,,,,0.8407851690294439,1.514721919302072
187,US-ID,Idaho,2020-09-07,1604.0,138.0,,0.9945474372955289,,,,,,,,,,,,0.7235550708833152,1.5016357688113418
188,US-ID,Idaho,2020-09-14,1718.0,114.0,,0.7470010905125408,,,,,,,,,,,,0.8729552889858234,1.6003271537622685
189,US-ID,Idaho,2020-09-21,1814.0,96.0,,0.8707742639040349,,,,,,,,,,,,1.0490730643402397,1.7022900763358777
190,US-ME,Maine,2020-01-06,,,1.4531389467420412,1.34721808985421,0.962213626896757,1.5876227313299613,1.5394227908360607,1.1163344242784887,2.5789943469205596,1.2603391847664385,0.7890508777149657,0.991371615590598,0.5581672121392444,1.1930972924724785,1.2990181493603095,2.193989883963106,1.118714668253496
191,US-ME,Maine,2020-01-13,,,0.9169889913716156,1.5638202915798871,0.453436477238917,1.2645046117227017,2.036893781612615,1.0330258851532281,2.5290092234454034,1.1389467420410593,0.9651889318655161,1.1585837548348705,0.4147575126450461,1.18714668253496,1.322225528116632,2.0755727462064866,1.2573638797976796
192,US-ME,Maine,2020-01-20,,,1.322225528116632,1.3710205296042843,0.6319547753644749,1.8375483487057422,2.1588812853317467,1.0211246652781911,2.625409104433204,1.2543885748289199,1.059803629872062,1.1573936328473668,0.5349598333829217,1.2639095507289497,1.6530794406426659,2.401666170782505,1.3150847961916097
193,US-ME,Maine,2020-01-27,,,1.458494495685808,1.229991074085094,0.762868193989884,1.6875929782802737,2.039869086581375,1.9922642070812258,2.0874739660815234,1.1341862540910443,1.448973519785778,1.6013091341862542,0.7152633144897352,1.1532282058911039,1.3442427848854508,2.335614400476049,1.4192204700981852
194,US-ME,Maine,2020-02-03,,,1.1752454626599227,1.1562035108598632,0.8217792323713181,1.8250520678369535,1.3757810175542995,1.1657244867598928,2.618268372508182,1.6054745611425172,0.936626004165427,1.729842308836656,0.74561142517108,1.1085986313597143,1.6149955370425468,2.178518298125558,1.4085093722106516
195,US-ME,Maine,2020-02-10,,,1.212139244272538,1.212139244272538,0.7700089259149062,1.597143707229991,1.6548646236239215,1.1639393037786372,2.607557274620649,1.0966974114846773,0.9044927105028265,1.0104135673906576,0.7408509372210651,1.1544183278786075,1.5489437667360906,2.001190121987504,1.2835465635227612
196,US-ME,Maine,2020-02-17,,,1.2424873549538826,1.4864623623921454,0.7842903897649509,1.8024397500743825,1.4251710800357036,1.4358821779232371,2.728949717346028,1.537637607854805,1.2216602201725677,1.4561142517108003,0.7432311811960727,1.262719428741446,1.394822969354359,2.046414757512645,1.2984230883665575
197,US-ME,Maine,2020-02-24,,,1.1151443022909848,1.720321332936626,0.8884260636715263,1.8333829217494793,1.6542695626301696,1.4745611425171081,2.4004760487950016,1.1532282058911039,0.8884260636715263,1.4745611425171081,0.8128533174650402,1.4269562630169592,1.5025290092234453,2.3534662302886042,1.3424576019041952
198,US-ME,Maine,2020-03-02,,,0.9824457006843202,1.529901814936031,0.7747694138649212,1.860755727462065,2.116036893781613,1.2091639393037787,2.6260041654269566,1.2942576614102945,0.99196667658435,1.3317465040166616,0.7366855102648022,1.1335911930972926,1.322225528116632,2.3992859268074977,1.4091044332044034
199,US-ME,Maine,2020-03-09,,,0.7604879500148765,1.4287414459982148,1.0020827134781316,1.4192204700981852,1.4376673609044928,0.927700089259149,2.4766438559952393,0.8253495983338291,0.8069027075275216,1.1133591193097294,1.5673906575423981,1.0479024099970247,1.224635525141327,4.471288307051473,2.7116929485272245
200,US-ME,Maine,2020-03-16,,,0.9074680154715858,1.5156203510859863,1.3704254686105326,1.5519190717048497,1.406724189229396,1.1526331448973521,2.1963701279381134,0.9711395418030349,0.7170484974709909,0.7533472180898543,2.0511752454626597,0.6896756917584053,0.8170187444213032,3.675691758405237,4.012496280868789
201,US-ME,Maine,2020-03-23,49.0,49.0,0.8348705742338589,1.0871764355846474,1.0955072894971736,2.0958048199940493,1.2436774769413865,2.6872954477833977,1.6173757810175544,0.8348705742338589,0.8086878905087772,1.0175542993156799,1.7738768223742933,0.7479916691460875,1.1127640583159775,2.113061588812853,2.5284141624516514
202,US-ME,Maine,2020-03-30,92.0,43.0,0.7093127045522166,0.7432311811960727,1.444213031835763,1.4269562630169592,0.9205593573341267,1.241297232966379,1.114549241297233,1.047307349003273,1.114549241297233,0.8443915501338887,1.8321927997619756,0.9628086878905088,0.8360606962213627,1.6637905385301994,1.9648914013686405
203,US-ME,Maine,2020-04-06,124.0,32.0,0.8188039274025588,0.7836953287711991,1.0711097887533472,1.27997619756025,0.775364474858673,1.27997619756025,1.1758405236536746,1.1758405236536746,1.0538530199345433,1.0711097887533472,1.4977685212734306,0.7402558762273133,0.8967569175840524,1.1669146087473965,1.397798274323118
204,US-ME,Maine,2020-04-13,138.0,14.0,1.1770306456411783,0.8217792323713181,1.0330258851532281,1.0080333234156502,1.0080333234156502,1.2365367450163642,0.7283546563522761,1.3632847366855103,1.0080333234156502,0.9062778934840822,1.2871169294852722,1.0419518000595063,0.9318655162154121,0.95685807795299,1.0919369235346623
205,US-ME,Maine,2020-04-20,161.0,23.0,1.075870276703362,0.5944659327581078,1.0056530794406426,1.2073787563225231,1.08479619160964,1.1806010116036894,1.0145789943469206,1.1895269265099673,0.8396310621838738,1.1199047902409998,1.2073787563225231,1.0145789943469206,0.6474263612020232,0.6997917286521869,1.038381434096995
206,US-ME,Maine,2020-04-27,186.0,25.0,0.9907765545968461,0.4867598928890211,0.8628384409401963,0.9824457006843202,1.08479619160964,1.170484974709908,0.8027372805712586,1.016364177328176,0.9824457006843202,0.9997024695031241,0.8455816721213925,0.9140136864028563,0.9140136864028563,0.6152930675394228,1.0270752752157095
207,US-ME,Maine,2020-05-04,200.0,14.0,1.0645641178220768,0.8241594763463255,0.8670038678964594,1.3734007735792917,1.1502529009223446,1.322225528116632,0.9015174055340672,0.978875334721809,0.7468015471585838,1.1329961321035407,1.0645641178220768,1.1157393632847368,0.8497470990776554,0.6010116036893781,1.3799464445105625
208,US-ME,Maine,2020-05-11,223.0,23.0,1.0580184468908065,0.7170484974709909,0.9794703957155609,0.7170484974709909,1.084201130615888,0.8485569770901518,0.5248437964891401,0.7432311811960727,0.8485569770901518,1.1544183278786075,1.0318357631657245,0.8919964296340375,0.5331746504016662,0.411187146682535,1.3323415650104136
209,US-ME,Maine,2020-05-18,257.0,34.0,0.9413864921154419,0.40702171972627194,0.7420410592085689,0.7509669741148467,1.2216602201725677,0.8057125855400178,0.5248437964891401,1.2305861350788456,0.9050877714965785,1.0681344837845879,0.868789050877715,0.7509669741148467,0.8509372210651592,0.37131806010116036,0.9443617970842011
210,US-ME,Maine,2020-05-25,284.0,27.0,0.8473668551026481,0.67836953287712,0.5801844689080631,0.5801844689080631,1.2311811960725976,1.0615888128533175,0.3927402558762273,0.927700089259149,0.6605177030645641,1.0972924724784292,0.8301100862838441,1.0437369830407617,0.8919964296340375,,0.7860755727462065
211,US-ME,Maine,2020-06-01,301.0,17.0,0.8997322225528116,0.5908955667955965,0.7408509372210651,0.5998214817018744,1.2085688783100268,0.8116631954775365,0.7587027670336209,0.9794703957155609,0.6795596548646237,1.0496875929782803,0.7676286819398989,0.9354358821779233,0.8295150252900922,0.3796489140136864,0.8003570365962511
212,US-ME,Maine,2020-06-08,317.0,16.0,0.8063076465337697,0.5647128830705147,0.6813448378458792,0.9140136864028563,1.5501338887235943,0.779529901814936,0.6450461172270158,1.2722404046414757,0.5825647128830704,1.0574233858970545,0.7616780720023802,0.9318655162154121,1.631062183873847,,0.7944064266587325
213,US-ME,Maine,2020-06-15,336.0,19.0,0.8509372210651592,0.5581672121392444,0.5492412972329664,0.7866706337399584,1.5185956560547456,0.8324903302588516,0.8693841118714668,1.04314192204701,0.631359714370723,1.2990181493603095,0.7866706337399584,1.0615888128533175,1.5828622433799466,0.38440940196370127,0.7848854507587028
214,US-ME,Maine,2020-06-22,347.0,11.0,0.3915501338887236,0.4355846474263612,0.8449866111276405,0.9336506991966677,0.6849152038083903,0.49806605177030644,0.7646533769711396,1.4138649211544185,0.88961618565903,1.1829812555786967,0.9247247842903897,1.1472775959535852,1.440642665873252,,0.8205891103838143
215,US-ME,Maine,2020-06-29,359.0,12.0,1.0235049092531985,0.7610830110086283,1.102052960428444,0.656352276108301,1.5923832192799763,0.805117524546266,0.5950609937518596,1.0675394227908361,0.805117524546266,1.075870276703362,0.82237429336507,1.1811960725974413,1.093722106515918,0.42011306158881284,0.8420113061588813
216,US-ME,Maine,2020-07-06,372.0,13.0,1.1806010116036894,0.6075572746206487,0.8985421005653079,0.8467717941088962,1.334721808985421,0.8128533174650402,1.0693246057720915,0.9842308836655757,0.9241297232966379,1.0782505206783697,0.9925617375781017,1.0520678369532876,1.0693246057720915,0.41059208568878314,0.9003272835465636
217,US-ME,Maine,2020-07-13,375.0,3.0,0.9550728949717346,0.8003570365962511,0.9378161261529306,0.6456411782207676,1.6179708420113064,0.8949717346027968,0.7229991074085094,1.1276405831597738,0.8348705742338589,1.144302290984826,0.8949717346027968,1.144302290984826,1.093127045522166,0.4218982445700684,0.9354358821779233
218,US-ME,Maine,2020-07-20,383.0,8.0,1.224635525141327,0.8104730734900327,0.7932163046712288,0.724189229396013,1.8452841416245167,0.9312704552216603,0.9229396013091342,1.1901219875037192,0.8449866111276405,1.3109193692353467,0.983040761678072,1.0264802142219578,1.0520678369532876,0.35346623028860463,0.8443915501338887
219,US-ME,Maine,2020-07-27,389.0,6.0,1.3858970544480809,0.9610235049092531,0.9354358821779233,0.7396608152335614,1.8702767033620946,0.7479916691460875,0.8247545373400773,1.402558762273133,0.9181791133591193,0.7396608152335614,0.9265099672716454,0.9098482594465932,0.9437667360904493,0.49330556382029156,0.8515322820589111
220,US-ME,Maine,2020-08-03,393.0,4.0,0.5867301398393335,0.6884855697709016,0.7735792918774175,0.5528116631954775,1.8191014578994347,0.7819101457899436,0.8330853912526034,1.2579589407914311,0.7396608152335614,1.1901219875037192,0.8925914906277894,1.0711097887533472,1.0455221660220173,,0.839036001190122
221,US-ME,Maine,2020-08-10,399.0,6.0,1.1359714370723,0.44927105028265396,0.856292770008926,0.99196667658435,1.8821779232371318,0.958048199940494,0.805117524546266,1.229396013091342,0.6271942874144599,1.3138946742041058,0.9241297232966379,0.890211246652782,0.661112764058316,0.491520380839036,0.7997619756024993
222,US-ME,Maine,2020-08-17,409.0,10.0,1.1811960725974413,0.7819101457899436,0.7134781315084796,0.7646533769711396,1.487057423385897,0.7819101457899436,1.0110086283844093,1.1722701576911634,0.6373103243082416,1.1556084498661114,0.9175840523653674,0.9854210056530793,0.7729842308836656,0.4248735495388277,0.775364474858673
223,US-ME,Maine,2020-08-24,420.0,11.0,1.3192502231478729,0.551026480214222,0.9021124665278192,0.868789050877715,1.6120202320737875,0.9187741743528711,0.9437667360904493,0.9520975900029753,0.8015471585837549,1.2026182683725082,0.877119904790241,1.0520678369532876,0.8515322820589111,,0.7914311216899733
224,US-ME,Maine,2020-08-31,427.0,7.0,1.1901219875037192,0.5230586135078845,0.7682237429336507,0.8693841118714668,1.4096994941981553,0.8437964891401368,0.7682237429336507,1.029455519190717,0.936626004165427,0.9116334424278489,0.7598928890211246,1.1222850342160071,1.1728652186849153,0.5063969056828325,0.7932163046712288
225,US-ME,Maine,2020-09-07,431.0,4.0,1.2454626599226422,0.47307349003272836,0.9461469800654567,1.1454924129723296,1.6852127343052663,1.2454626599226422,0.771794108896162,1.0794406426658734,0.9961321035406129,1.2038083903600119,0.7640583159773877,1.0961023504909255,1.3031835763165724,,0.8069027075275216
226,US-ME,Maine,2020-09-14,440.0,9.0,1.4864623623921454,0.5450758702767033,0.8670038678964594,1.1806010116036894,1.106218387384707,1.9898839631062182,1.1722701576911634,0.9741148467717942,1.0734900327283545,1.288307051472776,0.9824457006843202,1.2966379053853019,1.114549241297233,0.36358226718238623,0.8479619160963999
227,US-ME,Maine,2020-09-21,446.0,6.0,1.2061886343350194,0.6938411187146682,0.9997024695031241,0.991371615590598,1.8256471288307052,1.6608152335614401,0.7188336804522464,1.3466230288604581,1.173460279678667,1.140136864028563,0.818208866408807,1.1895269265099673,1.0330258851532281,0.47069324605772095,0.8866408806902708
228,US-MT,Montana,2020-01-06,,,1.2815420560747663,1.2523364485981308,0.7803738317757009,1.3551401869158877,1.4591121495327102,1.046728971962617,2.446261682242991,1.105140186915888,1.0315420560747663,1.0759345794392523,,1.3551401869158877,0.9871495327102803,1.8563084112149533,3.323598130841122
229,US-MT,Montana,2020-01-13,,,1.1822429906542054,1.3574766355140184,0.9485981308411213,1.1822429906542054,1.6635514018691588,1.0946261682242988,2.5397196261682238,1.3130841121495327,1.1238317757009344,1.1822429906542054,,0.8761682242990654,1.328271028037383,1.4883177570093458,3.616822429906542
230,US-MT,Montana,2020-01-20,,,0.8703271028037383,1.2242990654205608,0.6495327102803737,1.533878504672897,1.6378504672897194,1.4018691588785046,2.610981308411215,1.5934579439252337,0.7967289719626168,1.2242990654205608,0.8995327102803738,1.3574766355140184,1.2535046728971961,2.6261682242990654,4.094626168224298
231,US-MT,Montana,2020-01-27,,,0.7862149532710281,1.7897196261682242,0.7862149532710281,1.9065420560747663,1.22196261682243,1.644859813084112,2.2850467289719623,1.2511682242990654,0.9018691588785046,0.610981308411215,0.6401869158878505,1.0771028037383177,1.1203271028037383,1.717289719626168,4.2546728971962615
232,US-MT,Montana,2020-02-03,,,1.5210280373831775,1.3329439252336448,0.6226635514018691,1.6658878504672896,1.5794392523364484,1.7242990654205606,2.824766355140187,1.2021028037383177,0.7967289719626168,1.5070093457943925,0.608644859813084,1.0,1.5934579439252337,1.8983644859813082,4.37266355140187
233,US-MT,Montana,2020-02-10,,,0.7605140186915887,1.3598130841121496,0.7453271028037383,1.725467289719626,1.5794392523364484,1.6810747663551402,2.192757009345794,1.155373831775701,0.7161214953271028,0.8189252336448597,0.9357476635514018,1.155373831775701,1.344626168224299,2.5584112149532707,4.516355140186915
234,US-MT,Montana,2020-02-17,,,1.0572429906542056,1.7476635514018692,0.6904205607476636,1.5712616822429906,2.774532710280374,1.4684579439252337,2.6869158878504673,0.9252336448598131,1.072429906542056,1.0128504672897196,0.9544392523364486,0.7780373831775701,1.7908878504672896,2.378504672897196,4.3014018691588785
235,US-MT,Montana,2020-02-24,,,1.1915887850467288,1.3656542056074765,0.8574766355140186,1.7441588785046727,1.6425233644859814,1.264018691588785,2.3971962616822426,1.0759345794392523,0.9591121495327103,1.3656542056074765,0.711448598130841,1.2499999999999998,1.1331775700934579,2.6016355140186915,4.988317757009346
236,US-MT,Montana,2020-03-02,,,0.9696261682242991,1.3469626168224298,,1.8095794392523363,1.578271028037383,1.3177570093457942,2.678738317757009,1.5350467289719627,1.042056074766355,0.9988317757009346,0.9848130841121494,0.6950934579439252,0.9123831775700934,3.272196261682243,5.0327102803738315
237,US-MT,Montana,2020-03-09,,,1.014018691588785,1.6343457943925233,0.9719626168224299,1.5070093457943925,1.408878504672897,1.197429906542056,2.4088785046728973,,0.9439252336448598,1.155373831775701,1.3808411214953271,0.8317757009345794,1.0,3.7616822429906542,8.26285046728972
238,US-MT,Montana,2020-03-16,,,0.7873831775700935,1.5455607476635513,1.297897196261682,1.5899532710280373,0.991822429906542,1.18107476635514,2.3913551401869158,,0.7289719626168224,,2.2021028037383177,1.1518691588785046,,4.127336448598131,12.905373831775698
239,US-MT,Montana,2020-03-23,10.0,10.0,,1.0175233644859814,1.4240654205607475,1.9661214953271025,1.030373831775701,3.106308411214953,1.491822429906542,0.9894859813084113,0.5969626168224299,0.7733644859813084,1.8306074766355138,0.7453271028037383,0.800233644859813,2.5899532710280373,8.60981308411215
240,US-MT,Montana,2020-03-30,24.0,14.0,0.8049065420560747,0.6857476635514018,1.3457943925233644,1.4252336448598129,0.9497663551401869,1.2792056074766354,1.1343457943925235,1.0689252336448598,1.0023364485981308,0.8574766355140186,1.4112149532710279,,0.9497663551401869,2.2161214953271027,6.441588785046728
241,US-MT,Montana,2020-04-06,47.0,23.0,0.8422897196261682,0.6799065420560748,1.0864485981308412,1.1273364485981308,0.991822429906542,1.155373831775701,1.3457943925233644,1.1413551401869158,0.8422897196261682,0.8563084112149533,0.9100467289719626,0.9240654205607476,0.7885514018691588,1.4941588785046727,4.538551401869158
242,US-MT,Montana,2020-04-13,57.0,10.0,0.5934579439252337,0.6588785046728971,0.764018691588785,0.9883177570093459,1.27803738317757,1.542056074766355,1.0408878504672896,0.975467289719626,1.2126168224299065,1.2383177570093458,0.7908878504672896,0.6985981308411215,0.9228971962616822,1.1600467289719625,3.7394859813084107
243,US-MT,Montana,2020-04-20,61.0,4.0,1.0233644859813082,,1.0373831775700935,0.8866822429906541,0.9964953271028036,1.1600467289719625,0.9684579439252335,,0.8866822429906541,1.0373831775700935,0.9415887850467289,1.105140186915888,1.1331775700934579,0.9684579439252335,3.5163551401869158
244,US-MT,Montana,2020-04-27,62.0,1.0,0.9988317757009346,0.5969626168224299,1.2079439252336448,0.9988317757009346,0.8609813084112149,1.0128504672897196,0.764018691588785,0.9719626168224299,0.8189252336448597,1.22196261682243,0.7908878504672896,1.0549065420560746,0.6939252336448598,0.5969626168224299,3.4684579439252334
245,US-MT,Montana,2020-05-04,62.0,0.0,,0.6869158878504672,0.9941588785046728,0.8960280373831775,1.5128504672897194,1.0221962616822429,0.8820093457943925,0.602803738317757,0.7009345794392523,1.0362149532710279,0.8259345794392523,0.7838785046728971,1.064252336448598,0.5887850467289719,3.997663551401869
246,US-MT,Montana,2020-05-11,64.0,2.0,0.6705607476635513,,0.8095794392523363,0.8936915887850467,0.991822429906542,0.8376168224299065,0.6285046728971962,0.8796728971962616,0.6144859813084111,1.172897196261682,,0.7126168224299064,1.4521028037383177,0.7126168224299064,4.017523364485982
247,US-MT,Montana,2020-05-18,65.0,1.0,0.8726635514018691,,0.6016355140186916,0.858644859813084,1.2745327102803738,0.8878504672897195,0.6588785046728971,1.0163551401869158,0.6728971962616822,1.2593457943925233,0.7301401869158878,0.7593457943925234,0.7873831775700935,,3.0700934579439254
248,US-MT,Montana,2020-05-25,67.0,2.0,1.1016355140186915,,0.7593457943925234,0.8037383177570093,1.4883177570093458,1.0268691588785046,0.6249999999999999,1.0116822429906542,0.7289719626168224,1.042056074766355,0.8925233644859812,0.7593457943925234,1.175233644859813,,2.6857476635514015
249,US-MT,Montana,2020-06-01,69.0,2.0,0.6682242990654205,,0.9158878504672896,0.8282710280373831,1.1331775700934579,1.0607476635514017,0.9007009345794392,0.9007009345794392,0.7850467289719626,0.9450934579439252,,0.8422897196261682,0.9450934579439252,,2.494158878504673
250,US-MT,Montana,2020-06-08,78.0,9.0,0.8726635514018691,0.9742990654205607,0.8142523364485981,,1.2499999999999998,1.453271028037383,0.6682242990654205,0.9007009345794392,,1.046728971962617,,1.1775700934579438,1.0899532710280373,,2.8224299065420557
251,US-MT,Montana,2020-06-15,90.0,12.0,0.8901869158878505,,0.7581775700934579,0.7581775700934579,1.0794392523364487,,0.6997663551401869,0.9626168224299065,0.5981308411214953,1.1670560747663552,,0.9474299065420559,1.1962616822429906,0.5981308411214953,2.5829439252336446
252,US-MT,Montana,2020-06-22,100.0,10.0,0.991822429906542,,1.1950934579439252,0.6857476635514018,1.3119158878504673,0.8598130841121495,0.6121495327102804,1.0210280373831775,1.122663551401869,,0.875,0.875,1.0934579439252334,,2.9345794392523366
253,US-MT,Montana,2020-06-29,112.0,12.0,0.7850467289719626,0.6962616822429906,0.7254672897196262,0.7850467289719626,1.169392523364486,0.9030373831775701,0.8878504672897195,1.0654205607476634,0.9182242990654206,1.0210280373831775,0.6962616822429906,1.8060747663551402,1.080607476635514,0.6518691588785046,3.3446261682242997
254,US-MT,Montana,2020-07-06,133.0,21.0,1.2581775700934579,0.6355140186915887,0.9182242990654206,0.8341121495327102,1.4135514018691588,0.8481308411214953,0.8901869158878505,0.8901869158878505,0.6214953271028038,0.933411214953271,0.6647196261682243,1.3422897196261683,1.172897196261682,0.6074766355140186,3.6133177570093458
255,US-MT,Montana,2020-07-13,167.0,34.0,0.8177570093457943,,1.0011682242990654,0.8177570093457943,0.9871495327102803,0.6343457943925233,1.1285046728971961,0.6623831775700935,0.6775700934579438,1.1004672897196262,1.1565420560747663,1.3399532710280373,0.9450934579439252,0.719626168224299,3.703271028037383
256,US-MT,Montana,2020-07-20,201.0,34.0,1.0210280373831775,0.7091121495327103,0.7651869158878504,0.6799065420560748,1.2897196261682242,0.9637850467289719,,0.7511682242990654,1.1764018691588785,0.9217289719626167,0.9217289719626167,0.9497663551401869,1.0350467289719625,,3.2943925233644866
257,US-MT,Montana,2020-07-27,236.0,35.0,0.8761682242990654,0.9042056074766355,0.7488317757009345,0.6647196261682243,1.4135514018691588,0.7780373831775701,0.8200934579439252,0.8761682242990654,0.8481308411214953,1.300233644859813,0.8060747663551402,0.8901869158878505,0.8200934579439252,,3.0700934579439254
258,US-MT,Montana,2020-08-03,273.0,37.0,0.9158878504672896,,0.8598130841121495,0.5782710280373832,1.183411214953271,0.6203271028037383,0.8317757009345794,1.2254672897196262,0.8037383177570093,0.9719626168224299,0.7464953271028036,0.8738317757009346,0.7745327102803737,,2.8855140186915884
259,US-MT,Montana,2020-08-10,330.0,57.0,0.9007009345794392,,1.2815420560747663,0.647196261682243,1.7464953271028036,0.7885514018691588,0.830607476635514,1.1401869158878504,0.6904205607476636,1.2675233644859811,0.8165887850467289,1.1401869158878504,0.9007009345794392,,2.807242990654206
260,US-MT,Montana,2020-08-17,383.0,53.0,1.09696261682243,0.6717289719626168,0.5887850467289719,,1.3843457943925233,0.5619158878504672,0.6985981308411215,0.9871495327102803,0.8773364485981308,0.9591121495327103,0.7126168224299064,1.042056074766355,0.6717289719626168,,2.855140186915888
261,US-MT,Montana,2020-08-24,436.0,53.0,0.6728971962616822,0.6460280373831776,1.0233644859813082,0.8212616822429907,1.3329439252336448,0.7137850467289719,0.7266355140186915,0.8212616822429907,0.7803738317757009,1.1705607476635513,0.5654205607476634,1.2651869158878504,1.2792056074766354,,2.598130841121495
262,US-MT,Montana,2020-08-31,498.0,62.0,0.9205607476635513,1.014018691588785,1.213785046728972,0.586448598130841,1.2675233644859811,1.3200934579439252,0.5595794392523364,1.2535046728971961,0.9474299065420559,0.9474299065420559,0.5595794392523364,1.7067757009345792,1.1343457943925235,0.7336448598130841,2.733644859813084
263,US-MT,Montana,2020-09-07,531.0,33.0,0.975467289719626,0.7908878504672896,0.7242990654205608,1.397196261682243,1.422897196261682,1.3434579439252337,0.8563084112149533,,0.7908878504672896,1.014018691588785,0.5794392523364486,0.9088785046728972,1.0408878504672896,0.5665887850467289,2.731308411214954
264,US-MT,Montana,2020-09-14,576.0,45.0,0.8971962616822429,0.9228971962616822,0.8072429906542056,1.0128504672897196,1.1413551401869158,1.3714953271028036,0.8200934579439252,1.1542056074766356,0.794392523364486,0.8714953271028036,0.5128504672897196,1.3329439252336448,1.1927570093457944,,3.022196261682243
265,US-MT,Montana,2020-09-21,698.0,122.0,1.0981308411214954,0.9415887850467289,0.9929906542056074,1.2675233644859811,1.3329439252336448,1.4509345794392523,0.5747663551401869,1.0327102803738317,0.927570093457944,1.4112149532710279,0.6799065420560748,1.2149532710280373,1.4380841121495327,,3.406542056074766
266,US-ND,North Dakota,2020-01-06,,,0.9352989352989353,0.9828009828009827,0.7731367731367731,,1.144963144963145,,2.2735462735462737,0.9025389025389025,0.7092547092547092,1.5479115479115477,,0.9828009828009827,,1.967239967239967,5.09090909090909
267,US-ND,North Dakota,2020-01-13,,,,0.7108927108927108,0.7567567567567567,0.9123669123669124,1.2055692055692055,1.0352170352170351,1.6691236691236688,,0.8042588042588042,1.1285831285831285,,1.253071253071253,1.6396396396396395,1.6855036855036853,5.47092547092547
268,US-ND,North Dakota,2020-01-20,,,0.7796887796887796,1.3693693693693691,0.7321867321867321,1.7526617526617525,0.8599508599508598,0.9877149877149877,2.054054054054054,0.7010647010647011,1.0188370188370188,0.8435708435708436,0.9074529074529074,0.8763308763308763,1.2416052416052414,1.9754299754299753,5.670761670761671
269,US-ND,North Dakota,2020-01-27,,,1.1531531531531531,1.248157248157248,0.7321867321867321,1.2006552006552005,0.904176904176904,1.1072891072891071,1.918099918099918,1.0286650286650287,1.1695331695331694,0.7174447174447174,1.0286650286650287,1.1531531531531531,1.4807534807534806,2.152334152334152,5.73955773955774
270,US-ND,North Dakota,2020-02-03,,,0.8943488943488943,1.3808353808353806,0.8632268632268632,1.850941850941851,0.8468468468468467,1.1285831285831285,2.211302211302211,1.2235872235872234,1.0352170352170351,0.9565929565929565,,1.144963144963145,1.0974610974610974,1.7870597870597869,5.57084357084357
271,US-ND,North Dakota,2020-02-10,,,0.8091728091728092,1.0466830466830466,,1.189189189189189,1.6330876330876332,1.4758394758394757,1.7444717444717444,0.999180999180999,0.9516789516789516,0.8730548730548731,,1.6658476658476657,1.3955773955773954,2.062244062244062,5.656019656019656
272,US-ND,North Dakota,2020-02-17,,,0.719082719082719,1.7248157248157245,1.0532350532350532,2.1244881244881246,,1.8689598689598688,2.538902538902539,1.3087633087633086,1.1809991809991809,1.1023751023751023,,1.1023751023751023,1.2612612612612613,1.8689598689598688,5.823095823095822
273,US-ND,North Dakota,2020-02-24,,,0.7469287469287468,1.199017199017199,0.9647829647829647,1.4627354627354625,1.027027027027027,1.6347256347256347,1.9770679770679769,0.9959049959049958,0.6699426699426698,1.1826371826371824,1.0745290745290743,1.0434070434070433,1.058149058149058,2.022932022932023,6.15888615888616
274,US-ND,North Dakota,2020-03-02,0.0,0.0,1.1564291564291562,1.2022932022932022,,1.5151515151515151,1.7968877968877968,1.7968877968877968,2.2178542178542178,,,1.0466830466830466,,0.8271908271908271,1.2334152334152333,2.203112203112203,6.1850941850941865
275,US-ND,North Dakota,2020-03-09,0.0,0.0,,1.2383292383292381,0.6814086814086814,1.2989352989352987,0.9746109746109746,1.0515970515970514,2.366912366912367,1.1138411138411137,1.144963144963145,1.0515970515970514,0.6191646191646191,1.1908271908271906,0.9434889434889434,3.14004914004914,9.862407862407863
276,US-ND,North Dakota,2020-03-16,4.0,4.0,0.7174447174447174,0.7174447174447174,1.2104832104832104,1.5135135135135134,1.004095004095004,1.5626535626535625,2.103194103194103,,0.7649467649467648,1.226863226863227,1.7854217854217853,1.004095004095004,1.0843570843570842,3.043407043407043,16.217854217854217
277,US-ND,North Dakota,2020-03-23,19.0,15.0,0.7862407862407862,0.968058968058968,0.8615888615888615,1.8296478296478296,0.9828009828009827,3.009009009009009,1.723177723177723,0.8009828009828008,0.8009828009828008,1.104013104013104,1.8443898443898443,0.9369369369369368,0.7403767403767403,2.253890253890254,10.5012285012285
278,US-ND,North Dakota,2020-03-30,32.0,13.0,,0.6060606060606061,1.2547092547092547,1.6150696150696149,0.6486486486486486,1.8312858312858311,1.2252252252252251,0.6339066339066339,1.0237510237510237,0.7207207207207207,1.5724815724815724,0.8796068796068796,0.9664209664209664,1.8165438165438164,8.126126126126126
279,US-ND,North Dakota,2020-04-06,40.0,8.0,0.6519246519246519,,1.0532350532350532,1.2153972153972152,,1.5724815724815724,,0.7714987714987714,0.683046683046683,0.6076986076986076,1.0237510237510237,1.0532350532350532,1.2612612612612613,1.0237510237510237,6.65028665028665
280,US-ND,North Dakota,2020-04-13,53.0,13.0,0.6404586404586404,,1.0057330057330056,1.0335790335790334,0.9762489762489762,1.660933660933661,,0.8304668304668305,0.7862407862407862,0.7567567567567567,1.0335790335790334,0.9172809172809172,0.7141687141687142,1.3104013104013104,5.315315315315315
281,US-ND,North Dakota,2020-04-20,77.0,24.0,,0.6453726453726453,0.7502047502047502,1.379197379197379,,1.2448812448812447,,0.8845208845208845,0.7354627354627354,0.8550368550368549,1.1842751842751842,0.9746109746109746,1.0352170352170351,0.8992628992628993,4.763308763308762
282,US-ND,North Dakota,2020-04-27,94.0,17.0,0.7371007371007371,,0.9205569205569205,0.7682227682227682,0.9516789516789516,1.1662571662571661,,1.4742014742014742,1.0745290745290743,1.1367731367731368,,1.1826371826371824,0.9205569205569205,0.9058149058149058,4.725634725634726
283,US-ND,North Dakota,2020-05-04,115.0,21.0,,,0.7403767403767403,0.7256347256347255,,1.5708435708435706,,0.8304668304668305,0.8009828009828008,0.8910728910728911,0.9516789516789516,0.7092547092547092,0.7403767403767403,,5.852579852579852
284,US-ND,North Dakota,2020-05-11,133.0,18.0,,,1.1089271089271089,0.8746928746928746,0.7027027027027026,1.0778050778050778,1.0466830466830466,0.6715806715806715,1.1089271089271089,1.0941850941850941,0.9533169533169533,0.9533169533169533,0.8124488124488124,0.8435708435708436,5.988533988533988
285,US-ND,North Dakota,2020-05-18,154.0,21.0,0.8009828009828008,,0.7682227682227682,0.7338247338247338,0.9516789516789516,0.7010647010647011,0.8009828009828008,0.8681408681408681,,1.0008190008190008,0.8517608517608517,,,,4.573300573300573
286,US-ND,North Dakota,2020-05-25,169.0,15.0,0.687960687960688,,1.0155610155610155,1.0843570843570842,0.7567567567567567,,,,,1.0155610155610155,,0.7747747747747747,0.687960687960688,,3.677313677313677
287,US-ND,North Dakota,2020-06-01,184.0,15.0,0.9107289107289106,,0.7927927927927927,0.9271089271089271,,,,0.7092547092547092,0.8599508599508598,1.063063063063063,0.8271908271908271,,1.248157248157248,,3.5446355446355446
288,US-ND,North Dakota,2020-06-08,197.0,13.0,0.8353808353808353,,0.6683046683046683,0.9860769860769859,0.9516789516789516,0.7010647010647011,0.8681408681408681,0.8517608517608517,,0.7846027846027845,1.2694512694512694,0.8190008190008189,1.253071253071253,,3.5249795249795253
289,US-ND,North Dakota,2020-06-15,218.0,21.0,0.8533988533988534,,0.7502047502047502,1.1433251433251432,0.8533988533988534,,0.7338247338247338,1.1089271089271089,0.8533988533988534,0.7682227682227682,0.9205569205569205,0.7174447174447174,0.6994266994266993,,3.5085995085995085
290,US-ND,North Dakota,2020-06-22,227.0,9.0,0.7731367731367731,,1.2186732186732188,,,0.9434889434889434,0.7043407043407043,0.8419328419328418,0.7731367731367731,0.7551187551187551,,1.1498771498771496,1.1842751842751842,,4.016380016380016
291,US-ND,North Dakota,2020-06-29,245.0,18.0,,,,,,,,0.7436527436527436,,,,0.9959049959049958,1.013923013923014,,3.8132678132678133
292,US-ND,North Dakota,2020-07-06,277.0,32.0,0.683046683046683,,,,0.8042588042588042,,0.7698607698607698,1.1285831285831285,0.7354627354627354,1.0253890253890252,1.248157248157248,1.144963144963145,0.7862407862407862,,4.676494676494676
293,US-ND,North Dakota,2020-07-13,305.0,28.0,0.8796068796068796,0.6764946764946764,0.7600327600327599,,0.6764946764946764,0.9811629811629812,0.9303849303849303,0.7944307944307943,0.778050778050778,0.8796068796068796,0.778050778050778,0.9303849303849303,0.8796068796068796,,4.823914823914824
294,US-ND,North Dakota,2020-07-20,337.0,32.0,,,0.9860769860769859,0.8337428337428336,0.9533169533169533,0.9533169533169533,0.8337428337428336,0.8157248157248157,0.9860769860769859,0.9352989352989353,,0.9009009009009008,1.0204750204750204,,4.773136773136773
295,US-ND,North Dakota,2020-07-27,379.0,42.0,0.9467649467649467,,,0.7567567567567567,1.3595413595413595,,0.8599508599508598,0.8599508599508598,0.877968877968878,0.8943488943488943,0.7911547911547911,1.3775593775593775,0.7911547911547911,,4.674856674856675
296,US-ND,North Dakota,2020-08-03,417.0,38.0,0.9156429156429156,,0.8812448812448812,1.135135135135135,0.9664209664209664,0.6945126945126945,,,,1.0335790335790334,0.7633087633087633,0.7633087633087633,0.9156429156429156,,4.3456183456183455
297,US-ND,North Dakota,2020-08-10,461.0,44.0,,,0.877968877968878,0.9959049959049958,1.4004914004914004,0.8435708435708436,0.8943488943488943,0.8091728091728092,,1.045045045045045,0.8435708435708436,1.095823095823096,0.8943488943488943,,4.086814086814088
298,US-ND,North Dakota,2020-08-17,505.0,44.0,0.742014742014742,,0.9058149058149058,0.6601146601146601,0.9221949221949222,,0.8566748566748567,0.6764946764946764,0.7092547092547092,0.9402129402129402,0.8239148239148238,0.8402948402948403,0.742014742014742,,4.647010647010647
299,US-ND,North Dakota,2020-08-24,554.0,49.0,,,,0.8075348075348074,1.2416052416052414,0.7452907452907452,0.7764127764127764,0.9942669942669943,0.8533988533988534,0.9778869778869778,0.8533988533988534,1.1646191646191646,0.7305487305487305,,4.452088452088452
300,US-ND,North Dakota,2020-08-31,602.0,48.0,0.8828828828828827,,,1.1924651924651923,0.8517608517608517,1.4414414414414414,,1.0221130221130221,1.0384930384930384,0.8992628992628993,0.6814086814086814,1.1154791154791153,1.0073710073710074,,4.738738738738738
301,US-ND,North Dakota,2020-09-07,646.0,44.0,0.8484848484848484,,1.1515151515151514,1.1367731367731368,1.257985257985258,1.7117117117117115,1.2874692874692875,0.7125307125307124,0.8943488943488943,1.7575757575757576,0.7272727272727273,0.9238329238329237,0.9844389844389844,0.7125307125307124,4.571662571662571
302,US-ND,North Dakota,2020-09-14,730.0,84.0,,,0.7403767403767403,1.4643734643734643,1.3022113022113022,1.4643734643734643,0.6650286650286649,1.0647010647010646,0.9320229320229321,0.9025389025389025,0.7403767403767403,1.1384111384111384,1.7461097461097461,0.9467649467649467,4.900900900900901
303,US-ND,North Dakota,2020-09-21,828.0,98.0,0.9172809172809172,0.6666666666666666,1.2432432432432432,1.081081081081081,0.9762489762489762,1.4365274365274363,0.7993447993447993,,,1.0515970515970514,1.0515970515970514,1.1547911547911547,1.3022113022113022,0.9909909909909909,5.051597051597051
304,US-NE,Nebraska,2020-01-06,,,,1.854932966655208,,,,,,,,,,,,,0.9688552767273979
305,US-NE,Nebraska,2020-01-13,,,,1.9616363011344102,,,,,,,,,,,,,1.010106565830182
306,US-NE,Nebraska,2020-01-20,,,,1.676727397731179,,,,,,,,,,,,,0.9903059470608455
307,US-NE,Nebraska,2020-01-27,,,,2.1967686490202816,,,,,,,,,,,,,1.0299071845995187
308,US-NE,Nebraska,2020-02-03,,,,2.677208662770711,,,,,,,,,,,,,1.0381574424200755
309,US-NE,Nebraska,2020-02-10,,,,2.0853901684427636,,,,,,,,,,,,,1.0018563080096254
310,US-NE,Nebraska,2020-02-17,,,,2.1467170849089032,,,,,,,,,,,,,1.0059814369199036
311,US-NE,Nebraska,2020-02-24,,,,1.9410106565830179,,,,,,,,,,,,,1.0609831557236167
312,US-NE,Nebraska,2020-03-02,,,,2.43245101409419,,,,,,,,,,,,,1.125885183911997
313,US-NE,Nebraska,2020-03-09,,,,2.38844963905122,,,,,,,,,,,,,2.1073908559642485
314,US-NE,Nebraska,2020-03-16,,,,1.8780336885527673,,,,,,,,,,,,,2.865589549673427
315,US-NE,Nebraska,2020-03-23,,,,1.1099346854589205,,,,,,,,,,,,,1.8123066345823302
316,US-NE,Nebraska,2020-03-30,,,,1.3043657614300446,,,,,,,,,,,,,1.5543485733929185
317,US-NE,Nebraska,2020-04-06,,,,0.8233757304915778,,,,,,,,,,,,,1.1841870058439325
318,US-NE,Nebraska,2020-04-13,,,,0.8019250601581298,,,,,,,,,,,,,0.9471295977999311
319,US-NE,Nebraska,2020-04-20,,,,0.9245788930904089,,,,,,,,,,,,,0.8838776211756616
320,US-NE,Nebraska,2020-04-27,,,,0.9193537298040563,,,,,,,,,,,,,0.8924028875902371
321,US-NE,Nebraska,2020-05-04,,,,1.0037813681677552,,,,,,,,,,,,,1.142385699553111
322,US-NE,Nebraska,2020-05-11,,,,0.6677208662770711,,,,,,,,,,,,,1.2015125472671022
323,US-NE,Nebraska,2020-05-18,,,,0.8973530422825713,,,,,,,,,,,,,0.8717772430388451
324,US-NE,Nebraska,2020-05-25,,,,0.7543485733929184,,,,,,,,,,,,,0.7273977311790992
325,US-NE,Nebraska,2020-06-01,935.0,935.0,,1.1135097971811618,,,,,,,,,,,,,0.6619456858026813
326,US-NE,Nebraska,2020-06-08,1075.0,140.0,,0.9633551048470264,,,,,,,,,,,,,0.7353729804056375
327,US-NE,Nebraska,2020-06-15,1212.0,137.0,,0.9174286696459263,,,,,,,,,,,,,0.696046751460983
328,US-NE,Nebraska,2020-06-22,1316.0,104.0,,0.9823306978343072,,,,,,,,,,,,,0.7400481265039531
329,US-NE,Nebraska,2020-06-29,1369.0,53.0,,1.0436576143004468,,,,,,,,,,,,,0.7601237538673082
330,US-NE,Nebraska,2020-07-06,1421.0,52.0,,1.048607768992781,,,,,,,,,,,,,0.8957029907184598
331,US-NE,Nebraska,2020-07-13,1482.0,61.0,,1.186937091784118,,,,,,,,,,,,,0.8995531110347198
332,US-NE,Nebraska,2020-07-20,1570.0,88.0,,1.0799587487108973,,,,,,,,,,,,,0.8588518391199724
333,US-NE,Nebraska,2020-07-27,1630.0,60.0,,1.2749398418700584,,,,,,,,,,,,,0.8382261945685802
334,US-NE,Nebraska,2020-08-03,1722.0,92.0,,1.1019594362323821,,,,,,,,,,,,,0.8022000687521484
335,US-NE,Nebraska,2020-08-10,1883.0,161.0,,0.9856308009625301,,,,,,,,,,,,,0.7771742866964593
336,US-NE,Nebraska,2020-08-17,1910.0,27.0,,0.8431763492609143,,,,,,,,,,,,,0.8096253007906496
337,US-NE,Nebraska,2020-08-24,1994.0,84.0,,1.0994843588862149,,,,,,,,,,,,,0.8209006531454107
338,US-NE,Nebraska,2020-08-31,2068.0,74.0,,1.141835682365074,,,,,,,,,,,,,0.8019250601581298
339,US-NE,Nebraska,2020-09-07,2139.0,71.0,,0.9124785149535922,,,,,,,,,,,,,0.747748367136473
340,US-NE,Nebraska,2020-09-14,2194.0,55.0,,1.1608112753523547,,,,,,,,,,,,,0.7884496390512203
341,US-NE,Nebraska,2020-09-21,2280.0,86.0,,1.2067377105534547,,,,,,,,,,,,,0.8024750773461671
342,US-NH,New Hampshire,2020-01-06,,,1.2364864864864864,1.5195945945945943,0.8114864864864865,1.6513513513513514,2.1418918918918917,0.8587837837837838,3.218243243243243,1.3871621621621621,1.0472972972972971,1.2554054054054051,0.7547297297297297,1.1513513513513511,1.1418918918918917,2.312162162162162,2.1263513513513512
343,US-NH,New Hampshire,2020-01-13,,,1.254054054054054,1.5277027027027026,0.8108108108108107,1.433108108108108,2.5364864864864862,0.9331081081081081,2.6966216216216212,1.4614864864864863,1.056081081081081,1.433108108108108,0.6506756756756757,1.2445945945945946,1.3297297297297297,2.7060810810810807,2.4277027027027027
344,US-NH,New Hampshire,2020-01-20,,,1.2594594594594595,1.4486486486486487,0.9277027027027027,1.7898648648648647,1.8466216216216214,0.9567567567567568,2.8033783783783783,1.525,0.8905405405405404,1.2972972972972971,0.8520270270270269,1.127027027027027,1.2783783783783784,2.452702702702702,2.658108108108108
345,US-NH,New Hampshire,2020-01-27,,,1.2094594594594592,1.6655405405405403,0.7533783783783784,1.9912162162162161,2.075,0.8094594594594594,2.856081081081081,1.3770270270270268,1.2466216216216215,1.5256756756756755,1.0047297297297297,1.3027027027027027,1.4236486486486486,2.8189189189189188,2.8858108108108107
346,US-NH,New Hampshire,2020-02-03,,,1.3236486486486485,1.7033783783783782,0.7682432432432431,1.629054054054054,1.4256756756756757,1.287162162162162,3.314189189189189,1.4256756756756757,0.9722972972972973,1.3885135135135136,0.6574324324324324,1.2222972972972972,1.3054054054054054,2.24054054054054,2.8283783783783782
347,US-NH,New Hampshire,2020-02-10,,,1.443918918918919,1.4999999999999998,1.0337837837837838,1.7702702702702702,1.5648648648648649,1.2763513513513514,3.139189189189189,1.1925675675675673,1.1182432432432432,1.481081081081081,0.7175675675675675,1.4905405405405403,1.8628378378378379,2.1236486486486483,2.631081081081082
348,US-NH,New Hampshire,2020-02-17,,,1.033108108108108,1.3804054054054054,0.554054054054054,1.7,1.718918918918919,0.8925675675675676,2.7608108108108107,1.5405405405405406,1.202027027027027,1.3804054054054054,0.6574324324324324,1.4554054054054053,1.5216216216216216,2.4324324324324325,2.5081081081081087
349,US-NH,New Hampshire,2020-02-24,,,1.226351351351351,1.308108108108108,0.756081081081081,1.5837837837837838,1.5331081081081082,2.074324324324324,2.718243243243243,1.8087837837837837,1.175,1.5128378378378378,1.072972972972973,1.1445945945945946,1.4513513513513514,2.4121621621621623,2.7060810810810807
350,US-NH,New Hampshire,2020-03-02,,,1.383108108108108,1.8817567567567568,0.8466216216216216,1.929054054054054,1.731081081081081,1.7216216216216216,2.9452702702702704,1.2797297297297296,1.3736486486486486,1.2702702702702702,1.402027027027027,1.4304054054054054,1.016216216216216,2.9074324324324325,2.8425675675675675
351,US-NH,New Hampshire,2020-03-09,,,0.981081081081081,1.8047297297297298,0.879054054054054,1.6378378378378378,1.7486486486486486,1.3513513513513513,2.739189189189189,1.0175675675675675,1.0364864864864864,1.0364864864864864,1.7209459459459457,1.1662162162162162,1.277027027027027,4.414189189189189,5.101351351351351
352,US-NH,New Hampshire,2020-03-16,,,1.162162162162162,0.9222972972972973,1.2952702702702703,1.7831081081081082,1.3391891891891892,0.6209459459459459,2.093243243243243,0.797972972972973,0.7364864864864865,1.010810810810811,2.7675675675675673,0.7716216216216216,0.8425675675675676,3.991216216216216,7.522972972972973
353,US-NH,New Hampshire,2020-03-23,45.0,45.0,1.1878378378378376,0.7945945945945946,1.4972972972972973,1.6648648648648647,1.3972972972972972,2.777027027027027,1.531081081081081,1.3135135135135136,0.8114864864864865,0.9283783783783783,2.3425675675675675,0.9533783783783782,1.2716216216216216,2.4344594594594593,4.762162162162162
354,US-NH,New Hampshire,2020-03-30,92.0,47.0,0.8067567567567567,0.7824324324324324,1.4324324324324322,1.4986486486486486,1.0702702702702702,1.4243243243243242,1.193918918918919,1.1858108108108107,1.0128378378378378,0.9304054054054053,2.0418918918918916,0.9385135135135135,0.6749999999999999,1.74527027027027,3.937162162162162
355,US-NH,New Hampshire,2020-04-06,152.0,60.0,1.1756756756756754,,1.3675675675675674,1.5013513513513512,1.2344594594594593,1.0844594594594594,0.9506756756756757,1.3844594594594593,1.1594594594594594,1.2094594594594592,1.4763513513513513,0.8006756756756757,1.1094594594594596,1.2925675675675674,2.9554054054054055
356,US-NH,New Hampshire,2020-04-13,198.0,46.0,1.0858108108108109,0.604054054054054,1.3635135135135135,1.135135135135135,1.029054054054054,1.3716216216216217,0.9067567567567567,1.1925675675675673,0.9966216216216216,1.0858108108108109,1.3148648648648649,0.9391891891891891,1.1925675675675673,0.7837837837837838,2.316891891891892
357,US-NH,New Hampshire,2020-04-20,242.0,44.0,1.3797297297297297,0.6567567567567568,1.0925675675675677,0.977027027027027,1.3797297297297297,1.2486486486486486,0.8209459459459459,1.1824324324324325,0.9689189189189189,1.2891891891891891,1.306081081081081,0.9195945945945945,0.9608108108108108,0.9608108108108108,2.1013513513513513
358,US-NH,New Hampshire,2020-04-27,286.0,44.0,1.1736486486486486,0.4304054054054054,1.131081081081081,1.0804054054054053,0.8020270270270269,1.57027027027027,0.7094594594594594,1.1986486486486485,0.9709459459459459,1.3675675675675674,1.0635135135135134,0.9709459459459459,1.0804054054054053,1.0804054054054053,2.081081081081081
359,US-NH,New Hampshire,2020-05-04,318.0,32.0,1.2128378378378377,0.706081081081081,0.9472972972972972,0.8141891891891891,1.362162162162162,1.412162162162162,0.7391891891891891,1.2047297297297295,0.9472972972972972,1.329054054054054,1.1378378378378378,1.0966216216216216,0.9635135135135134,0.6229729729729729,3.1608108108108106
360,US-NH,New Hampshire,2020-05-11,359.0,41.0,0.8702702702702703,0.6506756756756757,1.072972972972973,0.7601351351351351,1.4277027027027025,0.7351351351351352,0.6675675675675676,0.9459459459459459,0.8952702702702702,1.097972972972973,0.904054054054054,0.5493243243243243,1.191216216216216,0.6,3.0304054054054053
361,US-NH,New Hampshire,2020-05-18,419.0,60.0,1.0405405405405406,,0.8216216216216216,1.022972972972973,1.0141891891891892,0.7608108108108108,0.7608108108108108,1.345945945945946,0.9527027027027026,1.3027027027027027,1.3283783783783782,1.066216216216216,1.3202702702702702,0.42837837837837833,2.0912162162162167
362,US-NH,New Hampshire,2020-05-25,451.0,32.0,1.0337837837837838,0.6864864864864865,0.6777027027027026,0.8081081081081082,1.1898648648648649,0.8168918918918918,0.5905405405405405,0.8770270270270271,0.6168918918918919,1.172972972972973,0.6601351351351351,0.9121621621621622,1.016216216216216,,1.7195945945945945
363,US-NH,New Hampshire,2020-06-01,489.0,38.0,1.1195945945945946,0.5378378378378378,0.729054054054054,0.6425675675675675,1.1891891891891893,0.8594594594594595,0.8331081081081081,1.197972972972973,0.7202702702702702,1.2756756756756755,0.7027027027027027,0.9459459459459459,1.1716216216216215,0.37297297297297294,1.593918918918919
364,US-NH,New Hampshire,2020-06-08,519.0,30.0,1.0824324324324324,0.6121621621621621,0.6033783783783784,0.6567567567567568,1.747972972972973,1.029054054054054,0.710135135135135,1.0736486486486487,0.7898648648648648,1.127027027027027,0.8966216216216215,1.0824324324324324,1.091216216216216,,1.5527027027027027
365,US-NH,New Hampshire,2020-06-15,553.0,34.0,0.8837837837837837,0.8013513513513513,0.8472972972972972,0.9655405405405404,1.520945945945946,0.9743243243243243,0.5466216216216215,1.1837837837837837,0.8013513513513513,1.2114864864864865,0.783108108108108,1.0472972972972971,0.9837837837837837,0.4101351351351351,1.527027027027027
366,US-NH,New Hampshire,2020-06-22,565.0,12.0,1.277027027027027,0.5358108108108107,1.1074324324324325,0.9202702702702702,1.2682432432432431,0.6162162162162161,,1.4736486486486484,0.8398648648648648,1.67027027027027,0.9912162162162161,0.9378378378378378,1.0094594594594595,,1.6716216216216215
367,US-NH,New Hampshire,2020-06-29,570.0,5.0,0.9513513513513513,0.6067567567567568,0.8695945945945945,0.6067567567567568,1.3952702702702702,0.7790540540540539,0.7432432432432432,1.3864864864864863,0.6614864864864864,1.2777027027027026,0.8067567567567567,1.114864864864865,1.1236486486486486,0.4621621621621621,1.6337837837837836
368,US-NH,New Hampshire,2020-07-06,589.0,19.0,1.12027027027027,0.7141891891891892,1.0141891891891892,0.9439189189189189,1.2966216216216218,1.0054054054054054,0.7939189189189189,1.2966216216216218,0.6263513513513513,1.2966216216216218,0.9,1.4114864864864864,0.9263513513513514,,1.7763513513513516
369,US-NH,New Hampshire,2020-07-13,673.0,84.0,1.295945945945946,0.49121621621621614,0.6432432432432432,0.8932432432432432,1.6439189189189187,0.956081081081081,0.7864864864864864,1.1344594594594593,0.9736486486486486,1.3756756756756756,1.331081081081081,1.197297297297297,1.0006756756756756,0.4736486486486486,1.9006756756756753
370,US-NH,New Hampshire,2020-07-20,688.0,15.0,0.9695945945945945,0.8168918918918918,0.8885135135135135,0.7993243243243243,1.8945945945945943,1.0054054054054054,0.8979729729729728,1.7777027027027026,0.6824324324324323,1.3378378378378377,0.952027027027027,1.3195945945945946,1.275,0.48445945945945945,1.7499999999999998
371,US-NH,New Hampshire,2020-07-27,696.0,8.0,1.1087837837837837,0.8675675675675675,0.9033783783783783,0.8135135135135134,1.9763513513513513,0.733108108108108,1.037162162162162,1.2966216216216218,1.2162162162162162,1.0554054054054054,0.9837837837837837,1.0195945945945946,1.2337837837837837,0.35743243243243245,1.7297297297297298
372,US-NH,New Hampshire,2020-08-03,704.0,8.0,1.212162162162162,0.5027027027027027,0.7898648648648648,0.6554054054054054,1.9479729729729727,0.870945945945946,0.7810810810810811,1.131081081081081,0.7722972972972972,1.3378378378378377,1.0864864864864863,1.212162162162162,1.2297297297297296,0.35945945945945945,1.752027027027027
373,US-NH,New Hampshire,2020-08-10,709.0,5.0,1.0898648648648648,0.7324324324324324,0.9831081081081081,0.7682432432432431,1.920945945945946,0.6432432432432432,1.0547297297297296,1.4472972972972973,0.8128378378378378,1.268918918918919,0.9027027027027026,1.268918918918919,1.1885135135135134,,1.7662162162162163
374,US-NH,New Hampshire,2020-08-17,712.0,3.0,1.3959459459459458,0.7067567567567568,0.8945945945945946,0.7608108108108108,1.7810810810810809,0.5993243243243243,1.0202702702702702,1.029054054054054,0.8858108108108107,1.3425675675675677,1.0378378378378377,1.3067567567567566,1.2709459459459458,,1.631081081081081
375,US-NH,New Hampshire,2020-08-24,714.0,2.0,1.131081081081081,0.6662162162162162,0.9993243243243242,0.9554054054054054,1.9986486486486483,0.5783783783783784,0.85,1.3148648648648649,0.754054054054054,1.2006756756756756,0.9554054054054054,1.2094594594594592,1.2358108108108108,0.3506756756756757,1.6331081081081082
376,US-NH,New Hampshire,2020-08-31,718.0,4.0,1.0763513513513512,1.0412162162162162,1.0587837837837837,0.8472972972972972,1.472972972972973,1.2702702702702702,0.8824324324324324,1.4114864864864864,0.8736486486486486,1.0587837837837837,0.9878378378378377,1.2351351351351352,1.12027027027027,0.5472972972972973,1.6844594594594593
377,US-NH,New Hampshire,2020-09-07,721.0,3.0,1.1047297297297298,0.6851351351351351,1.1047297297297298,0.8391891891891892,1.5675675675675675,1.3101351351351351,0.8993243243243243,1.4560810810810811,0.9594594594594593,1.2844594594594596,0.8905405405405404,1.3358108108108107,1.593243243243243,0.5479729729729729,1.7513513513513514
378,US-NH,New Hampshire,2020-09-14,726.0,5.0,1.3195945945945946,0.6385135135135135,0.595945945945946,1.260135135135135,1.6175675675675676,2.154054054054054,0.9364864864864864,1.2858108108108108,0.8344594594594594,1.2006756756756756,1.183108108108108,1.2858108108108108,1.4560810810810811,0.4344594594594594,1.7074324324324324
379,US-NH,New Hampshire,2020-09-21,737.0,11.0,1.0283783783783784,0.9094594594594595,1.0709459459459458,1.1472972972972972,1.8533783783783784,1.5047297297297297,1.139189189189189,1.275,1.172972972972973,1.581081081081081,0.8331081081081081,1.1817567567567566,1.5128378378378378,0.7567567567567567,1.735135135135135
380,US-NM,New Mexico,2020-01-06,,,,1.9045092838196285,,,,,,,,,,,,2.6865605658709106,1.4880636604774533
381,US-NM,New Mexico,2020-01-13,,,,1.9876215738284704,,,,,,,,,,,,2.682581786030062,1.511494252873563
382,US-NM,New Mexico,2020-01-20,,,,2.006189213085765,,,,,,,,,,,,2.409372236958444,1.5079575596816974
383,US-NM,New Mexico,2020-01-27,,,,2.1273209549071614,,,,,,,,,,,,2.5778072502210434,1.393899204244032
384,US-NM,New Mexico,2020-02-03,,,,2.27763041556145,,,,,,,,,,,,2.1923076923076925,1.367816091954023
385,US-NM,New Mexico,2020-02-10,,,,1.832449160035367,,,,,,,,,,,,2.372236958443855,1.2568523430592395
386,US-NM,New Mexico,2020-02-17,,,,2.17816091954023,,,,,,,,,,,,2.013704686118479,1.2409372236958442
387,US-NM,New Mexico,2020-02-24,,,,1.9659593280282934,,,,,,,,,,,,2.7679045092838197,1.4014146772767462
388,US-NM,New Mexico,2020-03-02,,,,2.106984969053934,,,,,,,,,,,,2.9328028293545536,1.4420866489832005
389,US-NM,New Mexico,2020-03-09,,,,2.14500442086649,,,,,,,,,,,,4.420866489832007,2.78735632183908
390,US-NM,New Mexico,2020-03-16,,,,1.7595048629531387,,,,,,,,,,,,4.331122900088417,4.184792219274978
391,US-NM,New Mexico,2020-03-23,,,,1.4442970822281167,,,,,,,,,,,,3.112290008841733,2.908488063660477
392,US-NM,New Mexico,2020-03-30,,,,1.2259062776304155,,,,,,,,,,,,2.184792219274978,2.300618921308576
393,US-NM,New Mexico,2020-04-06,,,,1.0897435897435896,,,,,,,,,,,,1.6299734748010608,1.7462422634836428
394,US-NM,New Mexico,2020-04-13,274.0,274.0,,1.026083112290009,,,,,,,,,,,,1.0963748894783378,1.3426171529619806
395,US-NM,New Mexico,2020-04-20,412.0,138.0,,0.7997347480106101,,,,,,,,,,,,0.8262599469496021,1.2608311229000884
396,US-NM,New Mexico,2020-04-27,587.0,175.0,,0.9840848806366048,,,,,,,,,,,,0.6949602122015915,1.2763041556145005
397,US-NM,New Mexico,2020-05-04,789.0,202.0,,1.0159151193633953,,,,,,,,,,,,0.7961980548187445,1.6114058355437666
398,US-NM,New Mexico,2020-05-11,886.0,97.0,,0.6856763925729442,,,,,,,,,,,,0.6127320954907162,1.6825817860300618
399,US-NM,New Mexico,2020-05-18,1243.0,357.0,,0.7816091954022988,,,,,,,,,,,,0.6578249336870027,1.3320070733863836
400,US-NM,New Mexico,2020-05-25,1317.0,74.0,,0.958443854995579,,,,,,,,,,,,0.7064544650751547,1.0985853227232538
401,US-NM,New Mexico,2020-06-01,1533.0,216.0,,0.8253757736516357,,,,,,,,,,,,0.4412024756852343,1.0512820512820513
402,US-NM,New Mexico,2020-06-08,1625.0,92.0,,1.1516357206012378,,,,,,,,,,,,0.8616268788682581,1.0450928381962865
403,US-NM,New Mexico,2020-06-15,1746.0,121.0,,0.9761273209549071,,,,,,,,,,,,0.5954907161803713,1.0424403183023871
404,US-NM,New Mexico,2020-06-22,1865.0,119.0,,0.6423519009725905,,,,,,,,,,,,0.5061892130857648,1.1317418213969939
405,US-NM,New Mexico,2020-06-29,2006.0,141.0,,0.6569407603890361,,,,,,,,,,,,0.76657824933687,1.2077807250221042
406,US-NM,New Mexico,2020-07-06,2204.0,198.0,,1.075154730327144,,,,,,,,,,,,1.0654288240495138,1.3448275862068966
407,US-NM,New Mexico,2020-07-13,2387.0,183.0,,0.7480106100795756,,,,,,,,,,,,0.8249336870026525,1.3222811671087533
408,US-NM,New Mexico,2020-07-20,2560.0,173.0,,0.9403183023872679,,,,,,,,,,,,0.8629531388152077,1.1405835543766576
409,US-NM,New Mexico,2020-07-27,2720.0,160.0,,0.9597701149425287,,,,,,,,,,,,0.5915119363395226,1.1131741821396992
410,US-NM,New Mexico,2020-08-03,2851.0,131.0,,0.8496905393457117,,,,,,,,,,,,0.6206896551724137,1.039787798408488
411,US-NM,New Mexico,2020-08-10,2965.0,114.0,,0.6763925729442971,,,,,,,,,,,,0.4447391688770999,0.9787798408488063
412,US-NM,New Mexico,2020-08-17,3031.0,66.0,,0.8081343943412909,,,,,,,,,,,,0.6732979664014147,0.9239610963748893
413,US-NM,New Mexico,2020-08-24,3126.0,95.0,,0.8368700265251989,,,,,,,,,,,,0.42749778956675505,0.9027409372236959
414,US-NM,New Mexico,2020-08-31,3186.0,60.0,,1.032714412024757,,,,,,,,,,,,0.48894783377542,0.9226348364279399
415,US-NM,New Mexico,2020-09-07,3267.0,81.0,,0.8129973474801061,,,,,,,,,,,,0.7400530503978778,0.9137931034482759
416,US-NM,New Mexico,2020-09-14,3341.0,74.0,,0.9000884173297966,,,,,,,,,,,,0.39610963748894784,0.9336870026525199
417,US-NM,New Mexico,2020-09-21,3443.0,102.0,,0.7634836427939876,,,,,,,,,,,,0.7272325375773651,0.97789566755084
418,US-RI,Rhode Island,2020-01-06,,,1.2285958904109588,1.4743150684931505,0.9726027397260274,1.4152397260273974,1.3167808219178083,1.002568493150685,2.2799657534246576,1.0710616438356164,0.913527397260274,1.1892123287671235,0.6386986301369864,1.0616438356164384,1.0222602739726028,1.2970890410958904,2.7988013698630136
419,US-RI,Rhode Island,2020-01-13,,,0.9580479452054794,1.2414383561643836,0.6455479452054794,1.5830479452054793,1.534246575342466,1.1241438356164384,2.238013698630137,1.0162671232876712,0.9477739726027398,1.0453767123287672,0.4785958904109589,1.1335616438356164,0.9580479452054794,1.8279109589041098,3.086472602739726
420,US-RI,Rhode Island,2020-01-20,,,1.2773972602739727,1.392123287671233,0.5950342465753425,1.3827054794520548,1.0950342465753424,0.8835616438356165,2.131849315068493,1.2097602739726028,0.9700342465753425,1.0368150684931507,0.7491438356164384,1.1618150684931507,1.5359589041095891,2.0547945205479454,3.2577054794520546
421,US-RI,Rhode Island,2020-01-27,,,1.3835616438356164,1.4768835616438356,0.6875,1.3929794520547945,1.0214041095890412,1.3193493150684932,2.0898972602739727,1.24486301369863,1.0034246575342467,1.1515410958904109,0.827054794520548,0.9195205479452055,1.0496575342465753,2.164383561643836,3.7568493150684934
422,US-RI,Rhode Island,2020-02-03,,,1.1464041095890412,1.3681506849315068,0.767123287671233,1.5625,1.2662671232876712,1.2106164383561644,2.339041095890411,1.1181506849315068,1.0813356164383563,1.1558219178082192,0.7208904109589042,1.386986301369863,1.2945205479452055,2.1258561643835616,3.869006849315068
423,US-RI,Rhode Island,2020-02-10,,,1.2191780821917808,1.493150684931507,0.5573630136986302,1.4743150684931505,1.143835616438356,1.2756849315068495,2.712328767123288,1.502568493150685,0.7183219178082192,1.0496575342465753,0.6712328767123288,0.7371575342465753,1.2568493150684932,1.8150684931506849,3.638698630136987
424,US-RI,Rhode Island,2020-02-17,,,1.4597602739726028,1.5582191780821917,0.9666095890410958,1.4888698630136987,1.3116438356164384,1.2029109589041096,2.8398972602739727,0.9666095890410958,0.9863013698630136,1.2816780821917808,0.759417808219178,1.252568493150685,1.3613013698630139,1.8638698630136987,3.125
425,US-RI,Rhode Island,2020-02-24,,,1.1857876712328768,1.1952054794520548,0.8065068493150686,1.279109589041096,1.148972602739726,1.2970890410958904,2.1866438356164384,0.9357876712328768,0.964041095890411,1.269691780821918,1.0188356164383563,1.2046232876712328,1.0744863013698631,1.8253424657534247,3.325342465753425
426,US-RI,Rhode Island,2020-03-02,,,1.1934931506849316,1.3433219178082192,0.7611301369863014,1.2679794520547947,1.0993150684931507,1.8039383561643836,2.132705479452055,0.9297945205479452,0.9015410958904109,1.014554794520548,0.9203767123287672,0.9580479452054794,1.220890410958904,2.4991438356164384,3.678082191780822
427,US-RI,Rhode Island,2020-03-09,,,0.7602739726027398,1.2636986301369864,1.0453767123287672,1.0830479452054795,1.3681506849315068,0.8261986301369864,2.0804794520547945,0.9597602739726029,1.017123287671233,0.978595890410959,1.5488013698630136,0.9503424657534246,0.9597602739726029,3.1352739726027394,6.810787671232879
428,US-RI,Rhode Island,2020-03-16,,,0.9160958904109588,1.0299657534246576,1.1147260273972603,1.7662671232876712,0.8313356164383563,0.9820205479452055,1.738013698630137,0.6703767123287672,0.651541095890411,1.0393835616438356,2.644691780821918,0.538527397260274,0.821917808219178,2.5881849315068495,9.063356164383562
429,US-RI,Rhode Island,2020-03-23,,,0.8912671232876712,0.934931506849315,1.4366438356164384,1.644691780821918,0.5881849315068494,1.8347602739726028,1.297945205479452,1.2294520547945205,0.6061643835616438,0.8912671232876712,1.7046232876712328,0.8398972602739727,1.297945205479452,1.4023972602739725,5.96832191780822
430,US-RI,Rhode Island,2020-03-30,,,1.0642123287671232,0.8065068493150686,1.5273972602739727,1.1498287671232876,0.660958904109589,1.175513698630137,0.9606164383561645,0.7979452054794521,0.7893835616438357,0.8664383561643835,1.776541095890411,0.660958904109589,0.892123287671233,1.5017123287671232,5.19263698630137
431,US-RI,Rhode Island,2020-04-06,331.0,331.0,1.0539383561643836,0.7371575342465753,1.1241438356164384,1.1943493150684932,0.8082191780821918,1.2294520547945205,0.684931506849315,1.0445205479452055,0.6763698630136987,1.1412671232876712,1.615582191780822,0.8690068493150686,1.1327054794520548,1.1943493150684932,4.127568493150686
432,US-RI,Rhode Island,2020-04-13,629.0,298.0,0.9255136986301371,0.6369863013698631,1.2140410958904109,0.7388698630136987,0.7979452054794521,0.908390410958904,0.8827054794520549,1.791095890410959,1.0607876712328768,0.9674657534246576,1.3578767123287672,0.8398972602739727,1.0950342465753424,0.7722602739726028,3.230308219178082
433,US-RI,Rhode Island,2020-04-20,718.0,89.0,0.9186643835616439,0.648972602739726,1.0539383561643836,0.8176369863013699,0.7422945205479452,1.1892123287671235,0.9863013698630136,1.2988013698630136,0.7756849315068494,1.2397260273972603,0.9614726027397261,0.9109589041095891,0.9529109589041097,0.9614726027397261,3.0736301369863015
434,US-RI,Rhode Island,2020-04-27,1061.0,343.0,1.3261986301369864,0.4392123287671233,1.1284246575342465,0.9469178082191781,0.8176369863013699,1.4032534246575343,0.5856164383561644,1.2226027397260273,0.9126712328767124,0.9554794520547946,1.0933219178082192,1.1626712328767124,0.9469178082191781,0.5248287671232876,2.887842465753425
435,US-RI,Rhode Island,2020-05-04,1280.0,219.0,0.9366438356164384,0.5813356164383562,0.9366438356164384,0.8236301369863013,0.615582191780822,0.8321917808219179,0.6412671232876712,1.1875,0.8501712328767124,1.014554794520548,0.6327054794520548,0.9880136986301369,0.9974315068493151,0.3818493150684932,3.929794520547945
436,US-RI,Rhode Island,2020-05-11,1438.0,158.0,1.06763698630137,0.6053082191780822,0.7380136986301369,0.8981164383561644,0.8809931506849314,0.827054794520548,0.6583904109589042,1.3347602739726028,0.8981164383561644,1.1027397260273974,1.0410958904109588,0.7380136986301369,0.7825342465753425,0.4272260273972603,3.843321917808219
437,US-RI,Rhode Island,2020-05-18,1580.0,142.0,1.0,0.8732876712328766,1.1703767123287672,0.5136986301369864,0.9366438356164384,0.7294520547945206,0.5856164383561644,0.8287671232876712,0.4957191780821918,1.0898972602739727,0.9452054794520548,0.990582191780822,0.9092465753424657,0.4409246575342466,2.476027397260274
438,US-RI,Rhode Island,2020-05-25,1724.0,144.0,0.5453767123287672,0.45462328767123283,0.791095890410959,0.4366438356164383,1.0633561643835616,0.7268835616438356,0.6087328767123288,0.9366438356164384,0.6909246575342466,1.1087328767123288,0.9452054794520548,0.8176369863013699,0.9631849315068494,,2.0282534246575343
439,US-RI,Rhode Island,2020-06-01,1807.0,83.0,0.9203767123287672,0.5684931506849314,0.4965753424657534,0.5325342465753424,0.6952054794520548,0.5958904109589042,0.6772260273972603,0.8210616438356164,0.803082191780822,1.2816780821917808,0.5325342465753424,0.9118150684931507,1.1823630136986303,,1.8613013698630136
440,US-RI,Rhode Island,2020-06-08,1882.0,75.0,0.8809931506849314,,0.872431506849315,0.8261986301369864,1.1840753424657535,1.1018835616438356,0.6977739726027398,0.8167808219178082,0.8809931506849314,1.1472602739726028,0.8450342465753424,0.9178082191780823,1.1018835616438356,,1.88013698630137
441,US-RI,Rhode Island,2020-06-15,1950.0,68.0,0.5821917808219178,0.8501712328767124,0.735445205479452,0.7731164383561644,0.8972602739726028,0.9743150684931507,0.735445205479452,0.8690068493150686,0.6875,1.0693493150684932,0.6875,0.8595890410958904,1.002568493150685,0.410958904109589,1.9777397260273974
442,US-RI,Rhode Island,2020-06-22,1995.0,45.0,0.8681506849315069,0.6986301369863014,0.651541095890411,0.7080479452054794,1.3116438356164384,1.05736301369863,0.8681506849315069,1.038527397260274,0.660958904109589,1.1986301369863015,0.6703767123287672,0.9914383561643836,0.9529109589041097,,2.1053082191780823
443,US-RI,Rhode Island,2020-06-29,2019.0,24.0,0.9897260273972603,,0.759417808219178,0.586472602739726,1.3938356164383563,0.759417808219178,0.7020547945205479,1.143835616438356,0.8750000000000001,1.134417808219178,0.8073630136986302,0.8167808219178082,0.625,,2.178082191780822
444,US-RI,Rhode Island,2020-07-06,2066.0,47.0,1.0316780821917808,0.9195205479452055,0.985445205479452,0.7970890410958905,1.332191780821918,0.9948630136986301,0.8818493150684932,1.0693493150684932,0.8073630136986302,1.2662671232876712,0.6001712328767124,0.8253424657534247,0.9477739726027398,,2.377568493150685
445,US-RI,Rhode Island,2020-07-13,2110.0,44.0,1.0616438356164384,0.7893835616438357,1.0522260273972601,0.714041095890411,1.1746575342465755,0.6763698630136987,0.6198630136986302,0.9863013698630136,0.704623287671233,0.9957191780821919,0.7705479452054794,1.0239726027397262,0.9306506849315068,,2.500856164383562
446,US-RI,Rhode Island,2020-07-20,2174.0,64.0,1.077054794520548,0.642123287671233,0.6986301369863014,0.6703767123287672,1.1241438356164384,1.038527397260274,0.8972602739726028,1.1523972602739727,0.821917808219178,1.077054794520548,0.9160958904109588,0.934931506849315,0.6703767123287672,0.386986301369863,2.3381849315068495
447,US-RI,Rhode Island,2020-07-27,2231.0,57.0,1.0496575342465753,0.6934931506849314,0.7679794520547946,0.7868150684931506,0.9366438356164384,1.002568493150685,0.6934931506849314,1.0119863013698631,0.8527397260273973,1.245719178082192,0.8433219178082192,1.1523972602739727,0.7773972602739726,0.375,2.398116438356165
448,US-RI,Rhode Island,2020-08-03,2311.0,80.0,0.8809931506849314,0.6532534246575342,0.6909246575342466,0.8236301369863013,1.4297945205479452,0.8236301369863013,0.4828767123287671,1.0607876712328768,0.5393835616438356,1.0231164383561644,0.8904109589041096,1.0796232876712328,0.8998287671232876,,2.2970890410958904
449,US-RI,Rhode Island,2020-08-10,2380.0,69.0,0.9486301369863014,0.5727739726027398,0.7799657534246575,0.9109589041095891,1.3527397260273974,0.9768835616438356,0.6292808219178082,1.2868150684931507,1.1455479452054795,1.19263698630137,0.9863013698630136,0.892123287671233,1.0710616438356164,,2.2517123287671232
450,US-RI,Rhode Island,2020-08-17,2460.0,80.0,0.8707191780821918,0.4452054794520548,0.908390410958904,0.5779109589041096,1.3912671232876712,0.9657534246575342,0.9375,1.2397260273972603,1.0034246575342467,1.3159246575342465,0.8142123287671232,1.2594178082191783,1.202054794520548,0.3784246575342466,2.142123287671233
451,US-RI,Rhode Island,2020-08-24,2519.0,59.0,0.8929794520547946,0.49743150684931503,0.7919520547945206,0.9023972602739726,1.2799657534246576,0.8750000000000001,0.708904109589041,1.206335616438356,0.7457191780821919,1.1147260273972603,0.7825342465753425,0.8929794520547946,1.0779109589041096,0.3955479452054795,1.9965753424657535
452,US-RI,Rhode Island,2020-08-31,2589.0,70.0,1.215753424657534,0.7731164383561644,0.8287671232876712,0.9118150684931507,1.0958904109589043,0.976027397260274,0.6720890410958904,0.8193493150684932,0.8929794520547946,1.297945205479452,0.8193493150684932,1.1601027397260275,0.8750000000000001,0.4323630136986301,2.071061643835617
453,US-RI,Rhode Island,2020-09-07,2644.0,55.0,1.0941780821917808,0.699486301369863,0.8878424657534246,1.0402397260273972,1.1472602739726028,1.1386986301369864,0.958904109589041,0.690068493150685,0.8784246575342466,1.2191780821917808,1.0128424657534247,0.9238013698630136,1.0308219178082192,0.5556506849315069,2.144691780821918
454,US-RI,Rhode Island,2020-09-14,2693.0,49.0,1.1018835616438356,0.723458904109589,0.6455479452054794,0.9554794520547946,1.1190068493150684,1.748287671232877,0.8176369863013699,1.0077054794520548,0.7748287671232877,1.1104452054794522,0.6712328767123288,1.1104452054794522,0.9811643835616439,,2.2011986301369864
455,US-RI,Rhode Island,2020-09-21,2725.0,32.0,0.9049657534246576,0.767123287671233,0.7071917808219178,0.9914383561643836,1.4914383561643838,1.7414383561643836,0.8792808219178082,1.0950342465753424,1.0085616438356164,1.25,0.913527397260274,1.215753424657534,1.3878424657534247,0.40496575342465757,2.232876712328767
456,US-SD,South Dakota,2020-01-06,,,0.7597840755735492,1.156545209176788,1.0418353576248311,0.9581646423751686,1.0418353576248311,1.058029689608637,1.8178137651821862,,0.7597840755735492,1.1241565452091768,0.9257759784075574,,1.3549257759784075,1.4709851551956816,3.5114709851551957
457,US-SD,South Dakota,2020-01-13,,,1.214574898785425,1.2469635627530364,0.7611336032388664,1.45748987854251,1.5546558704453441,1.2793522267206479,2.1214574898785425,0.680161943319838,0.8259109311740891,1.117408906882591,,0.923076923076923,1.6194331983805668,1.8299595141700404,4.136302294197031
458,US-SD,South Dakota,2020-01-20,,,1.0161943319838056,1.3441295546558705,0.8191632928475034,1.5074224021592442,1.0161943319838056,1.2294197031039136,1.9014844804318487,0.8529014844804319,0.6882591093117408,0.8191632928475034,,0.7368421052631579,1.883940620782726,1.786774628879892,4.309041835357625
459,US-SD,South Dakota,2020-01-27,,,,1.05668016194332,0.7314439946018894,1.6572199730094466,1.3805668016194332,1.3481781376518218,2.291497975708502,1.543859649122807,1.2510121457489878,,0.7638326585695007,,1.5114709851551955,1.7557354925775979,4.674763832658569
460,US-SD,South Dakota,2020-02-03,,,1.1012145748987854,2.1052631578947367,0.8421052631578948,1.4736842105263157,1.214574898785425,1.5384615384615385,2.087719298245614,0.8421052631578948,1.0364372469635628,0.923076923076923,,1.1336032388663968,1.1983805668016194,2.2024291497975708,4.609986504723347
461,US-SD,South Dakota,2020-02-10,,,0.7017543859649122,1.5020242914979758,,1.1524966261808365,1.0350877192982455,1.3184885290148447,2.720647773279352,0.8677462887989204,0.6842105263157895,1.1686909581646423,0.7840755735492577,0.7341430499325237,1.1012145748987854,2.237516869095816,4.439946018893387
462,US-SD,South Dakota,2020-02-17,,,0.708502024291498,1.2199730094466936,,1.582995951417004,0.9568151147098515,1.4021592442645074,1.7975708502024292,1.418353576248313,,1.2199730094466936,0.708502024291498,1.0553306342780027,1.1214574898785425,2.144399460188934,4.415654520917679
463,US-SD,South Dakota,2020-02-24,,,0.8852901484480431,1.5614035087719298,,1.5937921727395412,1.51417004048583,1.0310391363022942,2.624831309041835,,0.8056680161943319,0.9500674763832658,0.9176788124156545,0.8056680161943319,1.545209176788124,1.7233468286099864,4.643724696356275
464,US-SD,South Dakota,2020-03-02,,,0.6950067476383266,1.3090418353576248,,1.211875843454791,1.4385964912280702,1.3252361673414306,2.9257759784075574,0.8731443994601888,0.6950067476383266,0.9689608636977057,,0.6788124156545209,1.9554655870445343,1.777327935222672,4.294197031039136
465,US-SD,South Dakota,2020-03-09,,,0.8124156545209176,2.032388663967611,0.9757085020242915,1.349527665317139,1.0080971659919027,0.7314439946018894,2.6167341430499325,,,,1.3981106612685559,1.0728744939271255,1.2523616734143048,3.49527665317139,8.341430499325236
466,US-SD,South Dakota,2020-03-16,,,1.0931174089068825,0.9446693657219973,1.6059379217273955,1.5573549257759782,,1.4075573549257758,2.186234817813765,0.6626180836707153,,1.1754385964912282,1.7557354925775979,1.0107962213225372,1.3913630229419705,3.3454790823211873,10.9527665317139
467,US-SD,South Dakota,2020-03-23,,,0.6423751686909581,1.3616734143049931,1.6518218623481782,1.574898785425101,1.1619433198380567,2.798920377867746,1.330634278002699,,0.6423751686909581,0.8110661268556005,1.8812415654520918,0.8407557354925776,0.8407557354925776,2.7219973009446696,8.024291497975709
468,US-SD,South Dakota,2020-03-30,23.0,23.0,0.6666666666666667,0.6666666666666667,1.136302294197031,1.408906882591093,,1.0296896086369771,1.1970310391363022,0.6963562753036437,0.7881241565452092,0.8785425101214575,1.727395411605938,0.9689608636977057,1.4547908232118758,2.1970310391363026,6.788124156545209
469,US-SD,South Dakota,2020-04-06,44.0,21.0,0.6383265856950068,,1.2604588394062077,1.3535762483130902,,1.477732793522267,0.7314439946018894,1.0742240215924426,,0.7624831309041835,1.3535762483130902,1.0742240215924426,1.1201079622132255,1.0890688259109311,5.577597840755737
470,US-SD,South Dakota,2020-04-13,87.0,43.0,0.6491228070175438,0.7246963562753036,1.49527665317139,0.6045883940620783,,1.3144399460188934,0.9365721997300945,1.0728744939271255,0.8313090418353576,0.9973009446693657,0.816464237516869,0.7246963562753036,0.9676113360323886,,5.234817813765182
471,US-SD,South Dakota,2020-04-20,150.0,63.0,0.641025641025641,0.6248313090418354,1.125506072874494,0.6882591093117408,0.9379217273954116,1.5479082321187585,0.7031039136302294,0.8596491228070176,,1.0161943319838056,1.0310391363022942,0.921727395411606,1.2658569500674766,,3.983805668016194
472,US-SD,South Dakota,2020-04-27,211.0,61.0,0.7827260458839406,,1.117408906882591,,0.7503373819163293,1.4534412955465585,,0.9257759784075574,0.815114709851552,0.8947368421052632,0.9581646423751686,0.8623481781376517,0.9905533063427799,,3.6180836707152495
473,US-SD,South Dakota,2020-05-04,263.0,52.0,,0.8556005398110661,0.9325236167341431,0.6221322537112011,,1.0728744939271255,0.7314439946018894,,0.8083670715249662,1.0418353576248311,0.6990553306342779,1.0107962213225372,1.1511470985155194,,4.697705802968961
474,US-SD,South Dakota,2020-05-11,316.0,53.0,,,0.9190283400809716,0.7759784075573549,,0.8879892037786774,0.728744939271255,1.1727395411605936,0.7449392712550607,1.1403508771929824,0.6653171390013495,0.9662618083670715,0.9028340080971661,,4.611336032388664
475,US-SD,South Dakota,2020-05-18,370.0,54.0,,,1.0850202429149796,,0.9325236167341431,0.7624831309041835,,0.7462887989203779,,1.1524966261808365,0.6950067476383266,0.8987854251012146,1.1349527665317138,,3.762483130904183
476,US-SD,South Dakota,2020-05-25,435.0,65.0,0.9311740890688259,,,0.7935222672064777,0.7759784075573549,0.7584345479082322,0.7246963562753036,0.8272604588394061,,0.7935222672064777,0.7408906882591093,1.2240215924426452,1.2415654520917678,,3.1740890688259107
477,US-SD,South Dakota,2020-06-01,482.0,47.0,0.7004048582995952,,,,0.8717948717948718,,0.9568151147098515,0.8879892037786774,0.8367071524966262,0.8717948717948718,0.7692307692307693,0.8717948717948718,,,2.8582995951417005
478,US-SD,South Dakota,2020-06-08,544.0,62.0,,,0.9001349527665317,,1.155195681511471,0.8488529014844804,0.680161943319838,0.9001349527665317,,,0.7300944669365722,0.747638326585695,0.8326585695006747,0.7139001349527665,2.881241565452092
479,US-SD,South Dakota,2020-06-15,616.0,72.0,,,,,1.0,0.8812415654520918,,,1.0337381916329285,0.8137651821862348,,1.1349527665317138,1.269905533063428,,2.8488529014844803
480,US-SD,South Dakota,2020-06-22,657.0,41.0,0.9001349527665317,,,,1.222672064777328,0.8313090418353576,0.9500674763832658,1.1201079622132255,,0.7638326585695007,,1.1713900134952766,1.0526315789473684,0.8488529014844804,3.175438596491228
481,US-SD,South Dakota,2020-06-29,692.0,35.0,,,1.2240215924426452,0.7516869095816464,0.9622132253711201,0.786774628879892,,0.9622132253711201,,0.9271255060728745,,0.9797570850202428,0.9797570850202428,0.7341430499325237,3.164642375168691
482,US-SD,South Dakota,2020-07-06,742.0,50.0,,0.9487179487179487,0.8663967611336032,0.8663967611336032,0.9487179487179487,,0.6990553306342779,0.9662618083670715,0.7989203778677463,0.8825910931174089,0.9986504723346828,1.2658569500674766,1.048582995951417,,3.4790823211875845
483,US-SD,South Dakota,2020-07-13,774.0,32.0,,0.7139001349527665,1.6612685560053981,0.8137651821862348,1.2793522267206479,,,0.9311740890688259,0.747638326585695,1.1632928475033737,0.6653171390013495,0.9136302294197031,1.2793522267206479,,3.6356275303643724
484,US-SD,South Dakota,2020-07-20,806.0,32.0,0.883940620782726,,1.0337381916329285,,1.1673414304993253,,0.9338731443994601,0.6828609986504722,,0.8340080971659919,0.816464237516869,,1.2334682860998651,,3.3711201079622137
485,US-SD,South Dakota,2020-07-27,838.0,32.0,1.0701754385964912,1.1039136302294197,0.7692307692307693,,1.3373819163292848,,0.9028340080971661,,,0.9203778677462888,0.8029689608636977,0.7854251012145749,1.253711201079622,,3.3886639676113357
486,US-SD,South Dakota,2020-08-03,882.0,44.0,0.8056680161943319,,1.2172739541160593,,1.3157894736842104,1.1349527665317138,1.0526315789473684,0.970310391363023,,0.7233468286099866,,,1.512820512820513,,3.307692307692308
487,US-SD,South Dakota,2020-08-10,921.0,39.0,,,0.7017543859649122,,0.7840755735492577,0.7354925775978408,0.9473684210526315,0.9959514170040485,0.7354925775978408,,,0.9635627530364372,1.0944669365721997,,2.9865047233468283
488,US-SD,South Dakota,2020-08-17,965.0,44.0,,0.650472334682861,1.0,,0.8569500674763832,1.0310391363022942,1.1902834008097165,0.7139001349527665,,0.9527665317139,0.6828609986504722,1.0958164642375168,1.7462887989203777,,3.3738191632928474
489,US-SD,South Dakota,2020-08-24,1029.0,64.0,0.8137651821862348,0.6774628879892037,0.8731443994601888,0.9946018893387314,1.174089068825911,,0.6477732793522267,1.00944669365722,0.7530364372469636,1.068825910931174,0.8731443994601888,0.9338731443994601,1.1889338731443995,,3.8313090418353575
490,US-SD,South Dakota,2020-08-31,1084.0,55.0,0.9203778677462888,0.9352226720647773,1.058029689608637,1.2874493927125505,0.8731443994601888,0.9959514170040485,0.7516869095816464,0.8582995951417004,0.6585695006747638,0.98110661268556,0.8434547908232118,0.9203778677462888,1.487179487179487,,3.670715249662618
491,US-SD,South Dakota,2020-09-07,1171.0,87.0,0.8852901484480431,0.6302294197031039,0.8245614035087719,0.9298245614035087,1.3643724696356274,2.08502024291498,,1.0647773279352226,0.8852901484480431,1.0796221322537112,0.7192982456140351,0.6302294197031039,1.2901484480431848,,3.564102564102564
492,US-SD,South Dakota,2020-09-14,1297.0,126.0,0.5951417004048583,0.9676113360323886,0.7881241565452092,1.5479082321187585,0.728744939271255,1.8016194331983806,1.1309041835357625,0.8488529014844804,,0.9082321187584346,0.9824561403508772,0.923076923076923,1.6815114709851553,0.6545209176788124,3.8110661268556
493,US-SD,South Dakota,2020-09-21,1488.0,191.0,,0.9392712550607287,,1.1484480431848851,1.1484480431848851,1.8650472334682862,,0.7759784075573549,0.9554655870445344,1.3130904183535763,0.7314439946018894,1.1039136302294197,1.7759784075573548,0.9257759784075574,3.8461538461538463
570,US-WY,Wyoming,2020-01-06,,,,1.195945945945946,,1.1756756756756757,,,1.7567567567567568,1.0135135135135136,,,,,,1.4662162162162162,9.952702702702704
571,US-WY,Wyoming,2020-01-13,,,,1.027027027027027,,,1.0067567567567568,,1.2094594594594594,,0.820945945945946,,,0.9628378378378378,,1.4763513513513513,11.121621621621623
572,US-WY,Wyoming,2020-01-20,,,,,,1.5506756756756757,1.320945945945946,0.8682432432432432,1.7972972972972974,,1.135135135135135,,,,,1.239864864864865,12.503378378378383
573,US-WY,Wyoming,2020-01-27,,,,1.0675675675675675,,1.1486486486486487,1.5641891891891893,1.1283783783783783,1.760135135135135,,,,,,1.364864864864865,1.4256756756756757,11.983108108108107
574,US-WY,Wyoming,2020-02-03,,,,0.8378378378378378,,1.1486486486486487,0.8581081081081081,1.3243243243243243,1.5000000000000002,,,0.9155405405405406,,,1.4020270270270272,1.6959459459459458,11.658783783783782
575,US-WY,Wyoming,2020-02-10,,,,,,1.2162162162162162,0.8952702702702703,1.0168918918918919,2.070945945945946,1.5743243243243243,,,,,1.037162162162162,1.1554054054054055,10.942567567567568
576,US-WY,Wyoming,2020-02-17,,,,1.260135135135135,,1.439189189189189,,1.0777027027027026,1.760135135135135,1.3986486486486485,,,,,0.8783783783783784,1.7195945945945945,10.98310810810811
577,US-WY,Wyoming,2020-02-24,,,1.0168918918918919,1.7635135135135134,,1.1554054054054055,1.3716216216216215,1.3108108108108107,1.9594594594594594,,,,,1.3918918918918919,1.037162162162162,2.0371621621621623,12.277027027027028
578,US-WY,Wyoming,2020-03-02,,,0.8885135135135135,0.9290540540540541,0.9662162162162162,1.3412162162162162,0.9864864864864865,1.8344594594594594,2.368243243243243,,,,,1.304054054054054,0.9493243243243243,1.7972972972972974,12.057432432432432
579,US-WY,Wyoming,2020-03-09,,,,1.1385135135135136,,1.0777027027027026,0.8277027027027027,1.1756756756756757,1.9662162162162162,,,,1.2736486486486487,,0.7905405405405405,2.9695945945945943,21.347972972972972
580,US-WY,Wyoming,2020-03-16,,,,1.1891891891891893,1.25,1.4695945945945945,,0.9527027027027026,1.4493243243243243,,,,1.7060810810810811,,,3.2331081081081083,33.854729729729726
581,US-WY,Wyoming,2020-03-23,17.0,17.0,,,1.2804054054054055,1.0675675675675675,,2.9222972972972974,1.0304054054054053,,,1.1081081081081081,1.5641891891891893,,,2.8074324324324325,22.614864864864863
582,US-WY,Wyoming,2020-03-30,23.0,6.0,,0.7601351351351352,,0.7398648648648648,,,1.0743243243243243,,0.9831081081081081,,1.1655405405405406,,,1.8344594594594594,17.597972972972975
583,US-WY,Wyoming,2020-04-06,41.0,18.0,,,1.162162162162162,,,1.0337837837837838,,0.7364864864864865,,,0.9966216216216217,,0.8851351351351352,,13.425675675675677
584,US-WY,Wyoming,2020-04-13,51.0,10.0,,,,,0.7331081081081081,1.4290540540540542,0.875,,0.875,1.0709459459459458,,,,1.3547297297297296,10.689189189189191
585,US-WY,Wyoming,2020-04-20,54.0,3.0,,,,1.6655405405405406,,1.8513513513513515,0.8141891891891893,,,1.0202702702702704,0.7398648648648648,0.8885135135135135,0.7972972972972973,,8.925675675675677
586,US-WY,Wyoming,2020-04-27,60.0,6.0,,,,,1.1520270270270272,0.9628378378378378,,,,,0.9054054054054055,0.8513513513513513,,,9.10810810810811
587,US-WY,Wyoming,2020-05-04,66.0,6.0,1.1655405405405406,,,0.8581081081081081,0.8783783783783784,1.125,,,,,,,,,10.949324324324323
588,US-WY,Wyoming,2020-05-11,73.0,7.0,,,,,,1.0574324324324325,,,,,,,0.9222972972972973,,10.871621621621621
589,US-WY,Wyoming,2020-05-18,79.0,6.0,,,,,,,,,,1.0945945945945947,,,0.9358108108108109,,8.949324324324328
590,US-WY,Wyoming,2020-05-25,86.0,7.0,,,,,0.8175675675675675,,,,,,,,,,7.405405405405406
591,US-WY,Wyoming,2020-06-01,91.0,5.0,,,1.0709459459459458,0.8682432432432432,0.8885135135135135,,,,,0.8277027027027027,,0.8682432432432432,0.8277027027027027,,7.5
592,US-WY,Wyoming,2020-06-08,93.0,2.0,,,,,0.8885135135135135,,,0.8277027027027027,,1.1689189189189189,,,,,6.814189189189191
593,US-WY,Wyoming,2020-06-15,105.0,12.0,0.9222972972972973,,,,,,,,,0.9222972972972973,,,,,7.297297297297298
594,US-WY,Wyoming,2020-06-22,112.0,7.0,,,,0.891891891891892,,,,0.9729729729729729,,,,,1.0506756756756757,,7.952702702702703
595,US-WY,Wyoming,2020-06-29,119.0,7.0,,,1.358108108108108,,,,,,,,,,,,8.263513513513514
596,US-WY,Wyoming,2020-07-06,124.0,5.0,,,,,1.1452702702702704,0.777027027027027,,,,,,0.875,0.9695945945945946,,8.905405405405405
597,US-WY,Wyoming,2020-07-13,144.0,20.0,,,,,0.8108108108108107,,,,,,,,1.0033783783783785,,8.952702702702704
598,US-WY,Wyoming,2020-07-20,158.0,14.0,,,,,,,,,,,,,0.793918918918919,,8.47972972972973
599,US-WY,Wyoming,2020-07-27,167.0,9.0,1.0844594594594594,,,0.9695945945945946,0.9493243243243243,,,,,,,0.8141891891891893,,,7.641891891891892
600,US-WY,Wyoming,2020-08-03,179.0,12.0,,,,,0.9459459459459459,,,,,1.0033783783783785,,0.8108108108108107,,,7.996621621621622
601,US-WY,Wyoming,2020-08-10,195.0,16.0,,,,,1.347972972972973,,,,,0.9256756756756758,1.0033783783783785,,0.8682432432432432,,7.699324324324325
602,US-WY,Wyoming,2020-08-17,211.0,16.0,,,,,0.9290540540540541,,,,,,,0.8175675675675675,,,7.1891891891891895
603,US-WY,Wyoming,2020-08-24,215.0,4.0,,,0.8581081081081081,,1.1385135135135136,,,0.8783783783783784,0.8006756756756758,,,,0.8378378378378378,,7.466216216216217
604,US-WY,Wyoming,2020-08-31,219.0,4.0,,,,0.9628378378378378,0.9054054054054055,,,,,0.8885135135135135,0.9797297297297297,,,,7.763513513513514
605,US-WY,Wyoming,2020-09-07,230.0,11.0,0.7601351351351352,,1.135135135135135,0.9290540540540541,0.9864864864864865,0.8547297297297297,,,,,0.7432432432432433,,,,8.449324324324325
606,US-WY,Wyoming,2020-09-14,247.0,17.0,,,,,1.0709459459459458,,0.7398648648648648,,0.7567567567567568,0.831081081081081,,0.9054054054054055,,,8.489864864864863
607,US-WY,Wyoming,2020-09-21,264.0,17.0,,,0.8513513513513513,0.8513513513513513,1.2027027027027026,1.4797297297297296,,0.8141891891891893,0.7398648648648648,,,,1.0912162162162162,,9.125
